x_usteps,y_usteps,distance_mm
0,0,300.0
1000,0,295.454286167723
2000,0,290.9674696276493
3000,0,286.59768455948597
4000,0,282.40154880534124
5000,0,278.43343029129994
6000,0,274.744742600408
7000,0,271.3832788240902
8000,0,268.39259232306597
9000,0,265.8114324210363
10000,0,263.67324234266994
11000,0,262.0057259009385
12000,0,260.830488548087
13000,0,260.1627574410224
14000,0,260.0111841481403
15000,0,260.3777325538491
16000,0,261.25765341317793
17000,0,262.63954588615314
18000,0,264.50550525466497
19000,0,266.83135490790573
20000,0,269.58695959062123
21000,0,272.73661585552406
22000,0,276.23951466090637
23000,0,280.05027011973004
24000,0,284.11950754937
25000,0,288.3945032028459
26000,0,292.8198673927598
27000,0,297.33826215693114
28000,0,301.8911441671756
29000,0,306.4195232556078
30000,0,310.86472673049707
31000,0,315.1691595786894
32000,0,319.27705070491066
33000,0,323.13517553917535
34000,0,326.6935456497202
35000,0,329.90605642637814
36000,0,332.7310844425764
37000,0,335.1320267561388
38000,0,337.0777751613527
39000,0,338.5431192475755
40000,0,339.5090730420844
41000,0,339.963121004969
42000,0,339.89938018879104
43000,0,339.3186764619651
44000,0,338.22853380825785
45000,0,336.6430768410497
46000,0,334.58284779544806
47000,0,332.0745403694244
48000,0,329.15065386250745
49000,0,325.8490720932393
50000,0,322.2125725512227
51000,0,318.2882721435103
52000,0,314.12701671661483
53000,0,309.78272226389885
54000,0,305.31167635410065
55000,0,300.7718088321511
56000,0,296.2219412415677
57000,0,291.7210246934095
58000,0,287.32737605646764
59000,0,283.0979223651213
60000,0,279.08746323481284
0,1000,300.0
1000,1000,295.4954111343213
2000,1000,291.04918671842233
3000,1000,286.7189349934478
4000,1000,282.5607615812142
5000,1000,278.628542542452
6000,1000,274.97322632272534
7000,1000,271.6421736304799
8000,1000,268.67854380020054
9000,1000,266.12073559136405
10000,1000,264.0018896685689
11000,1000,262.3494592090393
12000,1000,261.18485420099967
13000,1000,260.52316404162514
14000,1000,260.3729620287744
15000,1000,260.7361942796399
16000,1000,261.6081545155586
17000,1000,262.9775450396892
18000,1000,264.8266231174874
19000,1000,267.1314308633773
20000,1000,269.8621056550535
21000,1000,272.9832670534801
22000,1000,276.4544752153939
23000,1000,280.23075485881424
24000,1000,284.26317799271345
25000,1000,288.4994978606156
26000,1000,292.8848258843276
27000,1000,297.3623428368702
28000,1000,301.87403503017816
29000,1000,306.3614459790338
30000,1000,310.76643380217456
31000,1000,315.03192454718186
32000,1000,319.1026516785745
33000,1000,322.9258721478054
34000,1000,326.4520497672829
35000,1000,329.63549703416857
36000,1000,332.4349670880551
37000,1000,334.8141881327271
38000,1000,336.7423333976807
39000,1000,338.19442055026786
40000,1000,339.15163538341665
41000,1000,339.60157558501305
42000,1000,339.53841143050647
43000,1000,338.9629613166993
44000,1000,337.8826811580534
45000,1000,336.3115677829026
46000,1000,334.2699775812342
47000,1000,331.7843627537593
48000,1000,328.88692857960467
49000,1000,325.6152161432933
50000,1000,322.0116159274811
51000,1000,318.12281857366594
52000,1000,313.9992099271776
53000,1000,309.6942182046494
54000,1000,305.2636217425033
55000,1000,300.7648262957193
56000,1000,296.25612125068824
57000,1000,291.79592438914784
58000,1000,287.44202498854276
59000,1000,283.2508350657052
60000,1000,279.2766584652398
0,2000,300.0
1000,2000,295.6180419208963
2000,2000,291.29285940552796
3000,2000,287.08049239565975
4000,2000,283.03551912032265
5000,2000,279.21034894397343
6000,2000,275.65454331590604
7000,2000,272.41417361914665
8000,2000,269.5312242389686
9000,2000,267.0430485852689
10000,2000,264.9818851169421
11000,2000,263.3744396389625
12000,2000,262.24153928420947
13000,2000,261.5978626632804
14000,2000,261.4517496786475
15000,2000,261.80509346733334
16000,2000,262.65331587216883
17000,2000,263.98542675944236
18000,2000,265.78416641438326
19000,2000,268.02622916950696
20000,2000,270.6825653683461
21000,2000,273.71875775212345
22000,2000,277.09546739265073
23000,2000,280.7689433936502
24000,2000,284.69158975647025
25000,2000,288.81258206550405
26000,2000,293.07852600312674
27000,2000,297.4341491619922
28000,2000,301.82301719110944
29000,2000,306.1882649968343
30000,2000,310.47333352484884
31000,2000,314.6227025768923
32000,2000,318.5826101673812
33000,2000,322.30174909945697
34000,2000,325.7319317351581
35000,2000,328.82871434651156
36000,2000,331.55197295803606
37000,2000,333.86642321965905
38000,2000,335.74207757422704
39000,2000,337.15463379624384
40000,2000,338.08578986766975
41000,2000,338.5234811110418
42000,2000,338.4620365074602
43000,2000,337.90225217408164
44000,2000,336.85138104909595
45000,2000,335.3230389178341
46000,2000,333.3370279975962
47000,2000,330.91908036695213
48000,2000,328.1005245638145
49000,2000,324.91787967206176
50000,2000,321.41238215599515
51000,2000,317.62945157327704
52000,2000,313.61810208892877
53000,2000,309.4303074152045
54000,2000,305.12032740560284
55000,2000,300.7440050281111
56000,2000,296.3580428265656
57000,2000,292.0192682447759
58000,2000,287.7838973323604
59000,2000,283.70680637221375
60000,2000,279.84082086688164
0,3000,300.0
1000,3000,295.8199596517389
2000,3000,291.6940786867774
3000,3000,287.67581476341854
4000,3000,283.8172311819879
5000,3000,280.1683223180821
6000,3000,276.77636586218284
7000,3000,273.6853102584498
8000,3000,270.93520527944384
9000,3000,268.5616831146327
10000,3000,266.59549669604195
11000,3000,265.062121242811
12000,3000,263.98142418730754
13000,3000,263.3674077594584
14000,3000,263.2280275645444
15000,3000,263.5650895050859
16000,3000,264.374226382369
17000,3000,265.6449544807766
18000,3000,267.3608094017822
19000,3000,269.4995593876487
20000,3000,272.0334933708705
21000,3000,274.92978001719746
22000,3000,278.15089311024036
23000,3000,281.65509776609315
24000,3000,285.3969911782504
25000,3000,289.3280908865704
26000,3000,293.397462948279
27000,3000,297.5523818720132
28000,3000,301.73901376436027
29000,3000,305.90311383759064
30000,3000,309.99072924121145
31000,3000,313.94889811098653
32000,3000,317.72633577807954
33000,3000,321.2740992473379
34000,3000,324.5462213352946
35000,3000,327.50030625157444
36000,3000,330.09807890695555
37000,3000,332.305880830886
38000,3000,334.09510627301745
39000,3000,335.4425728383355
40000,3000,336.33082185369
41000,3000,336.7483445739781
42000,3000,336.68973129710105
43000,3000,336.1557414556635
44000,3000,335.15329377725914
45000,3000,333.6953766408339
46000,3000,331.8008797906085
47000,3000,329.4943495879869
48000,3000,326.8056709725697
49000,3000,323.76968025299743
50000,3000,320.4257137445627
51000,3000,316.8170981017433
52000,3000,312.9905889492455
53000,3000,308.9957650850288
54000,3000,304.88438610442046
55000,3000,300.70972176836744
56000,3000,296.52586180497906
57000,3000,292.3870150870295
58000,3000,288.34680726574214
59000,3000,284.45758596118105
60000,3000,280.769742511664
0,4000,300.0
1000,4000,296.0975108368833
2000,4000,292.24558491928553
3000,4000,288.4941303616821
4000,4000,284.8917535047752
5000,4000,281.4851291394108
6000,4000,278.31839575694073
7000,4000,275.43258366156766
8000,4000,272.865083354431
9000,4000,270.64916107740186
10000,4000,268.8135277935247
11000,4000,267.38196718868215
12000,4000,266.37302751433936
13000,4000,265.79978126406013
14000,4000,265.6696557975843
15000,4000,265.98433710701465
16000,4000,266.7397479719813
17000,4000,267.9261007868211
18000,4000,269.5280243753075
19000,4000,271.5247631498344
20000,4000,273.8904460346156
21000,4000,276.5944216685523
22000,4000,279.6016555446565
23000,4000,282.87318394042836
24000,4000,286.36661875776355
25000,4000,290.0366967313486
26000,4000,293.8358658896352
27000,4000,297.7149016698153
28000,4000,301.62354470400027
29000,4000,305.5111520130242
30000,4000,309.32735317056915
31000,4000,313.022702935915
32000,4000,316.54932189936864
33000,4000,319.8615168397456
34000,4000,322.9163727561383
35000,4000,325.67430890321504
36000,4000,328.0995916256851
37000,4000,330.1607973473071
38000,4000,331.83121971564503
39000,4000,333.089215627336
40000,4000,333.91848565053374
41000,4000,334.30828521119037
42000,4000,334.25356380690476
43000,4000,333.75503044459134
44000,4000,332.81914445411473
45000,4000,331.4580317969156
46000,4000,329.6893279539877
47000,4000,327.53594942885536
48000,4000,325.02579682610974
49000,4000,322.19139335261644
50000,4000,319.0694634252127
51000,4000,315.7004568447345
52000,4000,312.12802470148944
53000,4000,308.398453802694
54000,4000,304.5600669498101
55000,4000,300.6625968361846
56000,4000,296.75654167719244
57000,4000,292.8925109217673
58000,4000,289.12056952271547
59000,4000,285.48958926188476
60000,4000,282.04661553484937
0,5000,300.0
1000,5000,296.44567347818395
2000,5000,292.9373991751096
3000,5000,289.5206326263388
4000,5000,286.2396437320981
5000,5000,283.13694316700304
6000,5000,280.2527315834801
7000,5000,277.6243787453725
8000,5000,275.2859393404214
9000,5000,273.26771174507877
10000,5000,271.59584545858735
11000,5000,270.29200229267445
12000,5000,269.37307570670924
13000,5000,268.8509719248061
14000,5000,268.7324556708649
15000,5000,269.01906252030835
16000,5000,269.70707900414516
17000,5000,270.7875907231447
18000,5000,272.24659784872324
19000,5000,274.06519651403545
20000,5000,276.2198237450484
21000,5000,278.68256275810694
22000,5000,281.42150466835284
23000,5000,284.40116192246285
24000,5000,287.5829280989956
25000,5000,290.9255781188686
26000,5000,294.38580238490584
27000,5000,297.91876792978803
28000,5000,301.47869930179985
29000,5000,305.0194716620322
30000,5000,308.49520840847697
31000,5000,311.86087558379995
32000,5000,315.07286536524805
33000,5000,318.089561076609
34000,5000,320.87187640155145
35000,5000,323.3837618119394
36000,5000,325.59267164949887
37000,5000,327.4699858090157
38000,5000,328.9913805594567
39000,5000,330.1371436984088
40000,5000,330.8924299564864
41000,5000,331.24745334251617
42000,5000,331.1976139373484
43000,5000,330.7435574934695
44000,5000,329.89116706820295
45000,5000,328.6514867989056
46000,5000,327.0405788077772
47000,5000,325.07931509032096
48000,5000,322.7931070838857
49000,5000,320.21157642018
50000,5000,317.36817112770757
51000,5000,314.2997322568605
52000,5000,311.046016542764
53000,5000,307.64918129056946
54000,5000,304.1532381573669
55000,5000,300.60348290787863
56000,5000,297.0459085324012
57000,5000,293.5266093310289
58000,5000,290.09118368523957
59000,5000,286.78414325493276
60000,5000,283.64833625575466
0,6000,300.0
1000,6000,296.8581479371142
2000,6000,293.75700379950365
3000,6000,290.73674807348505
4000,6000,287.8365132013077
5000,6000,285.09387655520123
6000,6000,282.54437355994446
7000,6000,280.221037272264
8000,6000,278.15397038257794
9000,6000,276.3699551845143
10000,6000,274.8921065656997
11000,6000,273.73957251589883
12000,6000,272.92728603292255
13000,6000,272.46577164077416
14000,6000,272.36100902691607
15000,6000,272.61435556546115
16000,6000,273.22252873013076
17000,6000,274.177648624849
18000,6000,275.4673400809175
19000,6000,277.0748929979335
20000,6000,278.9794788509657
21000,6000,281.1564205587787
22000,6000,283.5775122165124
23000,6000,286.2113845501479
24000,6000,289.02391135768835
25000,6000,291.97865167093266
26000,6000,295.03732190889997
27000,6000,298.16029190537097
28000,6000,301.30709838368307
29000,6000,304.4369692258591
30000,6000,307.50935174328913
31000,6000,310.4844381043398
32000,6000,313.32368111110065
33000,6000,315.9902936425221
34000,6000,318.4497252928261
35000,6000,320.67011002954627
36000,6000,322.62267907104194
37000,6000,324.2821336339697
38000,6000,325.6269727211491
39000,6000,326.63977170278457
40000,6000,327.3074080815599
41000,6000,327.62123151644244
42000,6000,327.57717590225553
43000,6000,327.17581205284233
44000,6000,326.4223403052215
45000,6000,325.3265231405619
46000,6000,323.90255869498253
47000,6000,322.16889679905614
48000,6000,320.147999929532
49000,6000,317.86605217054483
50000,6000,315.3526199552034
51000,6000,312.6402689832156
52000,6000,309.7641422780206
53000,6000,306.7615048503996
54000,6000,303.6712608682086
55000,6000,300.53344958809976
56000,6000,297.3887265802787
57000,6000,294.27783696789317
58000,6000,291.24108750611356
59000,6000,288.3178243410013
60000,6000,285.5459232146677
0,7000,300.0
1000,7000,297.32747092013113
2000,7000,294.6895689047777
3000,7000,292.12047236717325
4000,7000,289.65346823101277
5000,7000,287.32052064292645
6000,7000,285.15185682373374
7000,7000,283.1755754244633
8000,7000,281.4172824615394
9000,7000,279.89975954819965
10000,7000,278.64266872075996
11000,7000,277.6622976841929
12000,7000,276.97134877778745
13000,7000,276.5787743951917
14000,7000,276.4896609912456
15000,7000,276.70516317848865
16000,7000,277.22248876723154
17000,7000,278.0349349430235
18000,7000,279.13197511277474
19000,7000,280.49939529429884
20000,7000,282.119478282121
21000,7000,283.97123320337784
22000,7000,286.0306674895288
23000,7000,288.27109774003446
24000,7000,290.6634954502432
25000,7000,293.1768631240073
26000,7000,295.7786358978625
27000,7000,298.43510347306096
28000,7000,301.11184688862596
29000,7000,303.7741844763054
30000,7000,306.38762121933604
31000,7000,308.91829569282675
32000,7000,311.33341879490337
33000,7000,313.60169858412445
34000,7000,315.6937457186894
35000,7000,317.58245424430066
36000,7000,319.2433527969384
37000,7000,320.65492167013093
38000,7000,321.7988716385868
39000,7000,322.6603809255633
40000,7000,323.22828724366553
41000,7000,323.495232420867
42000,7000,323.4577577378809
43000,7000,323.116348741628
44000,7000,322.47542895416774
45000,7000,321.54330255860407
46000,7000,320.33204680456487
47000,7000,318.85735552732245
48000,7000,317.138335808024
49000,7000,315.1972604096384
50000,7000,313.0592791962233
51000,7000,310.7520932745572
52000,7000,308.3055960801727
53000,7000,305.75148605812126
54000,7000,303.12285595683335
55000,7000,300.4537640564563
56000,7000,297.77879288712154
57000,7000,295.1326011546802
58000,7000,292.5494746794547
59000,7000,290.0628821663444
60000,7000,287.7050415620215
0,8000,300.0
1000,8000,297.84515051915946
2000,8000,295.71822070159067
3000,8000,293.646768464836
4000,8000,291.6576329219974
5000,8000,289.77658663633343
6000,8000,288.02800169478644
7000,8000,286.43453392701133
8000,8000,285.0168293613764
9000,8000,283.79325672128584
10000,8000,282.7796694277808
11000,8000,281.9892001920704
12000,8000,281.43209085938986
13000,8000,281.1155597088404
14000,8000,281.04370792856395
15000,8000,281.2174664780213
16000,8000,281.6345840258621
17000,8000,282.2896561196716
18000,8000,283.1741952096506
19000,8000,284.2767406189573
20000,8000,285.5830070358595
21000,8000,287.07606960373624
22000,8000,288.7365832107783
23000,8000,290.54303313812517
24000,8000,292.47201381887436
25000,8000,294.49853209617515
26000,8000,296.5963310511942
27000,8000,298.73823020522224
28000,8000,300.896477688036
29000,8000,303.0431098095899
30000,8000,305.15031337618524
31000,8000,307.19078605670904
32000,8000,309.1380901297975
33000,8000,310.9669950285401
34000,8000,312.6538042444879
35000,8000,314.1766623553797
36000,8000,315.5158381985312
37000,8000,316.6539805209036
38000,8000,317.57634279348014
39000,8000,318.27097427710527
40000,8000,318.72887486421087
41000,8000,318.94411169019656
42000,8000,318.91389600357013
43000,8000,318.6386192988669
44000,8000,318.121848244186
45000,8000,317.3702784690662
46000,8000,316.39364781145537
47000,8000,315.2046101478046
48000,8000,313.81857144102776
49000,8000,312.25349013059764
50000,8000,310.52964445105863
51000,8000,308.6693696937307
52000,8000,306.6967688158177
53000,8000,304.6374001464607
54000,8000,302.51794623602467
55000,8000,300.365868139226
56000,8000,298.20904961144134
57000,8000,296.0754358282245
58000,8000,293.99267130902297
59000,8000,291.98774173639487
60000,8000,290.08662431155494
0,9000,300.0
1000,9000,298.4018198637782
2000,9000,296.82434681250487
3000,9000,295.28801963636164
4000,9000,293.8127440122018
5000,9000,292.41763459236
6000,9000,291.1207673425014
7000,9000,289.93894533738643
8000,9000,288.88748104905716
9000,9000,287.9799979482633
10000,9000,287.22825398971327
11000,9000,286.6419892681913
12000,9000,286.2287998194106
13000,9000,285.9940392007217
14000,9000,285.9407491268623
15000,9000,286.06962005947753
16000,9000,286.3789822610401
17000,9000,286.86482742907987
18000,9000,287.52086063041736
19000,9000,288.33858186250507
20000,9000,289.30739618511495
21000,9000,290.4147509954315
22000,9000,291.6462986679239
23000,9000,292.98608245172625
24000,9000,294.4167432169164
25000,9000,295.91974437095024
26000,9000,297.4756120310851
27000,9000,299.064187340959
28000,9000,300.6648876621426
29000,9000,302.2569732564945
30000,9000,303.819816004005
31000,9000,305.33316667443995
32000,9000,306.77741728983784
33000,9000,308.1338551785153
34000,9000,309.3849054288892
35000,9000,310.5143586017216
36000,9000,311.50758075039715
37000,9000,312.35170302806983
38000,9000,313.0357884250031
39000,9000,313.5509734757431
40000,9000,313.89058310007334
41000,9000,314.0502170897939
42000,9000,314.0278071207459
43000,9000,313.8236435513955
44000,9000,313.44037166075594
45000,9000,312.8829573743935
46000,9000,312.15862292259226
47000,9000,311.2767532643343
48000,9000,310.2487744895285
49000,9000,309.088005774989
50000,9000,307.80948681232053
51000,9000,306.42978294366947
52000,9000,304.9667705301321
53000,9000,303.43940533372876
54000,9000,301.86747691394174
55000,9000,300.27135222101884
56000,9000,298.6717117082179
57000,9000,297.08928138209785
58000,9000,295.54456426259077
59000,9000,294.0575747322371
60000,9000,292.64757921653216
0,10000,300.0
1000,10000,298.9874066049358
2000,10000,297.9879330434715
3000,10000,297.0145291599156
4000,10000,296.07980702248807
5000,10000,295.19587751297524
6000,10000,294.3741934100891
7000,10000,293.6254009996478
8000,10000,292.9592021342151
9000,10000,292.3842285294445
10000,10000,291.90792992582976
11000,10000,291.53647756491154
12000,10000,291.27468423056644
13000,10000,291.1259418913784
14000,10000,291.09217775203666
15000,10000,291.1738292831904
16000,10000,291.36983855328765
17000,10000,291.67766593584037
18000,10000,292.0933230145146
19000,10000,292.6114242597054
20000,10000,293.22525680704115
21000,10000,293.9268674337192
22000,10000,294.7071656057517
23000,10000,295.5560412609701
24000,10000,296.4624958017166
25000,10000,297.41478459999087
26000,10000,298.40056916866354
27000,10000,299.4070770271225
28000,10000,300.4212671900283
29000,10000,301.4299991349947
30000,10000,302.4202030599379
31000,10000,303.3790492241263
32000,10000,304.2941141788357
33000,10000,305.153541733815
34000,10000,305.9461965739739
35000,10000,306.66180853593215
36000,10000,307.29110567508815
37000,10000,307.8259343991008
38000,10000,308.2593651112557
39000,10000,308.5857819949297
40000,10000,308.80095577584655
41000,10000,308.9020985193678
42000,10000,308.8878997528288
43000,10000,308.75854344489363
44000,10000,308.5157056219353
45000,10000,308.1625326523229
46000,10000,307.7036004799801
47000,10000,307.14485533541176
48000,10000,306.4935366923861
49000,10000,305.75808346849703
50000,10000,304.94802468493396
51000,10000,304.07385600214496
52000,10000,303.14690373107805
53000,10000,302.17917808196245
54000,10000,301.18321755203556
55000,10000,300.17192646843256
56000,10000,299.15840779113967
57000,10000,298.1557933423288
58000,10000,297.1770736617343
59000,10000,296.2349296925787
60000,10000,295.341568478837
0,11000,300.0
1000,11000,299.59131516356194
2000,11000,299.18792551972047
3000,11000,298.7950576530345
4000,11000,298.417801820919
5000,11000,298.0610460008842
6000,11000,297.729412558647
7000,11000,297.4271983576865
8000,11000,297.15831908622204
9000,11000,296.92625852295225
10000,11000,296.7340233989007
11000,11000,296.58410444020876
12000,11000,296.47844409663065
13000,11000,296.41841137386274
14000,11000,296.4047840957948
15000,11000,296.4377388265062
16000,11000,296.5168485825845
17000,11000,296.6410883654064
18000,11000,296.8088484417019
19000,11000,297.0179552003291
20000,11000,297.2656993150261
21000,11000,297.5488708482445
22000,11000,297.86380084123516
23000,11000,298.2064088515187
24000,11000,298.57225582181223
25000,11000,298.9566015954086
26000,11000,299.3544663327996
27000,11000,299.76069503378955
28000,11000,300.17002432910647
29000,11000,300.57715067611593
30000,11000,300.97679907504715
31000,11000,301.36379141539885
32000,11000,301.73311356698355
33000,11000,302.0799803463336
34000,11000,302.39989751672124
35000,11000,302.6887200184792
36000,11000,302.942705675151
37000,11000,303.1585636796184
38000,11000,303.3334972319877
39000,11000,303.4652397767892
40000,11000,303.5520843699777
41000,11000,303.59290579523525
42000,11000,303.5871751430219
43000,11000,303.5349666634798
44000,11000,303.4369568043987
45000,11000,303.2944154467087
46000,11000,303.109189451058
47000,11000,302.8836787286579
48000,11000,302.6208051464368
49000,11000,302.32397466938846
50000,11000,301.997033230624
51000,11000,301.6442169009044
52000,11000,301.2700970032896
53000,11000,300.87952088403625
54000,11000,300.4775491071553
55000,11000,300.06938988637813
56000,11000,299.6603316040751
57000,11000,299.2556742914559
58000,11000,298.8606609578393
59000,11000,298.4804096587371
60000,11000,298.11984718292223
0,12000,300.0
1000,12000,300.2026184464791
2000,12000,300.4026116335846
3000,12000,300.5973883165496
4000,12000,300.7844248391048
5000,12000,300.9612978316481
6000,12000,301.12571561003267
7000,12000,301.2755478681518
8000,12000,301.4088532796014
9000,12000,301.52390465079634
10000,12000,301.6192112996398
11000,12000,301.69353836979167
12000,12000,301.745922830289
13000,12000,301.7756859532156
14000,12000,301.7824421077525
15000,12000,301.7661037566674
16000,12000,301.72688259050517
17000,12000,301.66528678478437
18000,12000,301.5821144157372
19000,12000,301.478443119903
20000,12000,301.3556161315523
21000,12000,301.2152248788504
22000,12000,301.05908836425493
23000,12000,300.88922959631043
24000,12000,300.7078493782039
25000,12000,300.51729779269454
26000,12000,300.3200437528784
27000,12000,300.11864301330803
28000,12000,299.91570505593637
29000,12000,299.71385927993265
30000,12000,299.5157209334379
31000,12000,299.3238572286702
32000,12000,299.14075407941556
33000,12000,298.96878389187526
34000,12000,298.81017482619296
35000,12000,298.66698192692996
36000,12000,298.54106049654035
37000,12000,298.4340420568388
38000,12000,298.34731320991835
39000,12000,298.2819976724114
40000,12000,298.2389417158696
41000,12000,298.2187032019066
42000,12000,298.2215443541717
43000,12000,298.2474283608064
44000,12000,298.2960198514028
45000,12000,298.3666892422857
46000,12000,298.45852089381793
47000,12000,298.57032497403617
48000,12000,298.70065287490536
49000,12000,298.84781598144826
50000,12000,299.00990755056415
51000,12000,299.1848274160608
52000,12000,299.37030919980475
53000,12000,299.5639496764241
54000,12000,299.76323991109473
55000,12000,299.9655977669692
56000,12000,300.16840136105907
57000,12000,300.36902303509504
58000,12000,300.5648634012156
59000,12000,300.7533850213649
60000,12000,300.9321452840284
0,13000,300.0
1000,13000,300.8102555607147
2000,13000,301.61001291140576
3000,13000,302.3889098638419
4000,13000,303.13685451098803
5000,13000,303.8441559844656
6000,13000,304.50165001588994
7000,13000,305.10081767522723
8000,13000,305.63389574771895
9000,13000,306.0939773192564
10000,13000,306.4751012669541
11000,13000,306.7723294954234
12000,13000,306.9818109180211
13000,13000,307.10083135408985
14000,13000,307.1278486956879
15000,13000,307.06251288816566
16000,13000,306.9056704657066
17000,13000,306.65935358306706
18000,13000,306.3267536856276
19000,13000,305.9121801589037
20000,13000,305.4210044932804
21000,13000,304.8595906874097
22000,13000,304.235212792011
23000,13000,303.55596066243095
24000,13000,302.8306351410963
25000,13000,302.0686340279455
26000,13000,301.2798303162809
27000,13000,300.4744442717
28000,13000,299.66291101153644
29000,13000,298.8557453005377
30000,13000,298.0634053145793
31000,13000,297.2961571375809
32000,13000,296.5639417472944
33000,13000,295.87624621338335
34000,13000,295.2419807766377
35000,13000,294.66936340196696
36000,13000,294.1658133009803
37000,13000,293.73785480374585
38000,13000,293.3910328252302
39000,13000,293.1298410216917
40000,13000,292.9576635678808
41000,13000,292.8767313094209
42000,13000,292.8880928584885
43000,13000,292.9916010072962
44000,13000,293.1859146354148
45000,13000,293.46851608622165
46000,13000,293.83574378733465
47000,13000,294.2828396923797
48000,13000,294.8040109294044
49000,13000,295.3925048571807
50000,13000,296.0406965569164
51000,13000,296.7401876257748
52000,13000,297.481914992169
53000,13000,298.2562683429456
54000,13000,299.0532146409949
55000,13000,299.8624281199536
56000,13000,300.6734240717026
57000,13000,301.4756946932193
58000,13000,302.258845232664
59000,13000,303.0127286706986
60000,13000,303.7275771920196
0,14000,300.0
1000,14000,301.40323194878056
2000,14000,302.788282691008
3000,14000,304.1372065879352
4000,14000,305.4325260842545
5000,14000,306.6574581589296
6000,14000,307.7961317771808
7000,14000,308.8337935261684
8000,14000,309.7569987700238
9000,14000,310.5537858474948
10000,14000,311.21383105518584
11000,14000,311.7285824083264
12000,14000,312.0913704459745
13000,14000,312.2974946449891
14000,14000,312.3442843231347
15000,14000,312.23113324221686
16000,14000,311.9595074629077
17000,14000,311.53292634948843
18000,14000,310.95691697062466
19000,14000,310.2389424869883
20000,14000,309.38830545358337
21000,14000,308.41602728965535
22000,14000,307.33470547785186
23000,14000,306.15835034285806
24000,14000,304.90220352431
25000,14000,303.5825404959731
26000,14000,302.2164596898775
27000,14000,300.821660957659
28000,14000,299.4162162395072
29000,14000,298.01833541208714
30000,14000,296.6461303492641
31000,14000,295.3173802526179
32000,14000,294.04930129228035
33000,14000,292.858323542783
34000,14000,291.75987810408253
35000,14000,290.7681971659645
36000,14000,289.8961296063258
37000,14000,289.1549745125653
38000,14000,288.5543347830913
39000,14000,288.10199270578227
40000,14000,287.80380912548816
41000,14000,287.66364750702587
42000,14000,287.6833238775592
43000,14000,287.86258329694283
44000,14000,288.1991031608965
45000,14000,288.68852329421117
46000,14000,289.32450244407903
47000,14000,290.09880044158336
48000,14000,291.00138496680836
49000,14000,292.0205615342493
50000,14000,293.1431250143458
51000,14000,294.3545307279246
52000,14000,295.639082896738
53000,14000,296.9801380084074
54000,14000,298.360320460841
55000,14000,299.76174769209285
56000,14000,301.1662618787305
57000,14000,302.5556652006741
58000,14000,303.9119556242587
59000,14000,305.2175601485568
60000,14000,306.4555624928682
0,15000,300.0
1000,15000,301.9708183236813
2000,15000,303.91610141417993
3000,15000,305.81064488978006
4000,15000,307.6299017849684
5000,15000,309.3503005972479
6000,15000,310.9495506952036
7000,15000,312.4069311307511
8000,15000,313.70355911352334
9000,15000,314.82263466886326
10000,15000,315.74965830947093
11000,15000,316.4726189004059
12000,15000,316.98214928334124
13000,15000,317.2716476436979
14000,15000,317.3373630481459
15000,15000,317.1784440441915
16000,15000,316.79694969216234
17000,15000,316.19782288665186
18000,15000,315.3888263130893
19000,15000,314.38044186922326
20000,15000,313.18573485468215
21000,15000,311.82018468826107
22000,15000,310.3014843462752
23000,15000,308.64931112058923
24000,15000,306.8850716665347
25000,15000,305.03162464404403
26000,15000,303.1129845456468
27000,15000,301.1540105487301
28000,15000,299.1800844235006
29000,15000,297.216781669885
30000,15000,295.28954014434106
31000,15000,293.42333047006775
32000,15000,291.6423325010008
33000,15000,289.9696220315407
34000,15000,288.4268718112109
35000,15000,287.03407073809757
36000,15000,285.8092648693903
37000,15000,284.7683236046604
38000,15000,283.924734071364
39000,15000,283.28942637664727
40000,15000,282.87063198960726
41000,15000,282.6737770889029
42000,15000,282.701412257575
43000,15000,282.9531794359953
44000,15000,283.4258165611257
45000,15000,284.1131998319765
46000,15000,285.0064230536456
47000,15000,286.0939130319043
48000,15000,287.3615795232
49000,15000,288.79299779722425
50000,15000,290.3696214466446
51000,15000,292.07102268669485
52000,15000,293.8751570311431
53000,15000,295.758648915319
54000,15000,297.6970945654793
55000,15000,299.6653781903335
56000,15000,301.637997397943
57000,15000,303.58939362167484
58000,15000,305.4942832739927
59000,15000,307.32798533743556
60000,15000,309.0667411482975
0,16000,300.0
1000,16000,302.50274480413077
2000,16000,304.9730623817625
3000,16000,307.3789456551131
4000,16000,309.68922240010846
5000,16000,311.8739591344526
6000,16000,313.9048489557365
7000,16000,315.75557830449515
8000,16000,317.4021679001876
9000,16000,318.8232834327066
10000,16000,320.00051198389207
11000,16000,320.91860059754674
12000,16000,321.5656539068828
13000,16000,321.93328825880707
14000,16000,322.01674033810696
15000,16000,321.81492888413106
16000,16000,321.33046870032126
17000,16000,320.56963677508026
18000,16000,319.542290952934
19000,16000,318.261742209741
20000,16000,316.7445821868343
21000,16000,315.01046821868005
22000,16000,313.0818686393759
23000,16000,310.98377166796877
24000,16000,308.7433616444666
25000,16000,306.3896668114465
26000,16000,303.95318320483426
27000,16000,301.46547952697716
28000,16000,298.9587881215369
29000,16000,296.46558734980437
30000,16000,294.01818077944614
31000,16000,291.6482786379937
32000,16000,289.386586954042
33000,16000,287.2624097095173
34000,16000,285.3032691577947
35000,16000,283.5345492270754
36000,16000,281.97916662932784
37000,16000,280.65727393612326
38000,16000,279.585998468513
39000,16000,278.77922038406405
40000,16000,278.24739283630424
41000,16000,277.9974065367121
42000,16000,278.0325004740752
43000,16000,278.3522199479967
44000,16000,278.95242246029613
45000,16000,279.82533138797174
46000,16000,280.9596367423007
47000,16000,282.34064170857647
48000,16000,283.9504530678166
49000,16000,285.76821303321015
50000,16000,287.77036949747816
51000,16000,289.9309811896424
52000,16000,292.2220537873882
53000,16000,294.613902630126
54000,16000,297.07553733320015
55000,16000,299.57506331992727
56000,16000,302.0800950689478
57000,16000,304.5581757225833
58000,16000,306.97719761947525
59000,16000,309.3058183028029
60000,16000,311.513866614003
0,17000,300.0
1000,17000,302.98938673730265
2000,17000,305.9400409915077
3000,17000,308.8137321233332
4000,17000,311.57322667890634
5000,17000,314.18277081115946
6000,17000,316.6085535304558
7000,17000,318.81914478226247
8000,17000,320.78590267584366
9000,17000,322.4833445876501
10000,17000,323.8894773311402
11000,17000,324.98608211513493
12000,17000,325.7589505985954
13000,17000,326.19806898334053
14000,17000,326.2977477594777
15000,17000,326.05669542247733
16000,17000,325.4780352067646
17000,17000,324.5692646190171
18000,17000,323.34215829548043
19000,17000,321.8126154419491
20000,17000,320.0004538330797
21000,17000,317.92915304012007
22000,17000,315.6255502139655
23000,17000,313.1194923651798
24000,17000,310.4434496462724
25000,17000,307.6320946468034
26000,17000,304.72185315224885
27000,17000,301.75043218729434
28000,17000,298.7563314585401
29000,17000,295.7783445266928
30000,17000,292.8550561713875
31000,17000,290.02434246111625
32000,17000,287.32288000568974
33000,17000,284.78567074968345
34000,17000,282.4455884639605
35000,17000,280.33295281122895
36000,17000,278.47513650432313
37000,17000,276.8962106471279
38000,17000,275.61663285334475
39000,17000,274.6529821840405
40000,17000,274.0177443383036
41000,17000,273.71914988022115
42000,17000,273.76106759821613
43000,17000,274.14295437845067
44000,17000,274.8598622417703
45000,17000,275.9025024530135
46000,17000,277.2573658720427
47000,17000,278.906897987151
48000,17000,280.82972636299223
49000,17000,283.0009375560705
50000,17000,285.39239990988665
51000,17000,287.9731280473925
52000,17000,290.70968433814767
53000,17000,293.56661213850185
54000,17000,296.5068951914557
55000,17000,299.49243723390964
56000,17000,302.48455559719
57000,17000,305.4444824054358
58000,17000,308.3338668779869
59000,17000,311.11527222760907
60000,17000,313.7526607164118
0,18000,300.0
1000,18000,303.4219388468487
2000,18000,306.79954077773647
3000,18000,310.0890433352782
4000,18000,313.2478255361732
5000,18000,316.23496009701637
6000,18000,319.01174371540645
7000,18000,321.54219853567724
8000,18000,323.7935383019279
9000,18000,325.73659315856406
10000,18000,327.34618759435
11000,18000,328.60146663307944
12000,18000,329.4861660445195
13000,18000,329.9888230745968
14000,18000,330.10292496446397
15000,18000,329.8269933341358
16000,18000,329.1646033373635
17000,18000,328.1243373395646
18000,18000,326.71967371898785
19000,18000,324.9688122318785
20000,18000,322.89443820433013
21000,18000,320.5234286061098
22000,18000,317.88650381475895
23000,18000,315.017829581947
24000,18000,311.95457435926596
25000,18000,308.7364277190471
26000,18000,305.4050861098604
27000,18000,302.0037126095908
28000,18000,298.57637767588903
29000,18000,295.16748814000687
30000,18000,291.82121184235194
31000,18000,288.58090536456757
32000,18000,285.4885522728199
33000,18000,282.58421915078765
34000,18000,279.9055364703516
35000,18000,277.48721102616946
36000,18000,275.3605762513573
37000,18000,273.5531862406873
38000,18000,272.08845874140684
39000,18000,270.98537173732814
40000,18000,270.25821755744533
41000,18000,269.91641769501337
42000,18000,269.9644007364139
43000,18000,270.4015449814445
44000,18000,271.22218649847963
45000,18000,272.415692510137
46000,18000,273.9665991586136
47000,18000,275.8548118657144
48000,18000,278.055865691574
49000,18000,280.5412423186916
50000,18000,283.27873955422285
51000,18000,286.23288856301093
52000,18000,289.3654134254089
53000,18000,292.63572706555544
54000,18000,296.00145712452814
55000,18000,299.41899496481153
56000,18000,302.8440606928133
57000,18000,306.23227687862016
58000,18000,309.5397435394998
59000,18000,312.7236069372791
60000,18000,315.74261481988214
0,19000,300.0
1000,19000,303.7925745551561
2000,19000,307.5360099915688
3000,19000,311.18180386960444
4000,19000,314.6827188586104
5000,19000,317.99339477519317
6000,19000,321.07093629992806
7000,19000,323.87546875765116
8000,19000,326.3706547602755
9000,19000,328.5241650181625
10000,19000,330.3080972199037
11000,19000,331.6993375532282
12000,19000,332.6798601829295
13000,19000,333.2369608055771
14000,19000,333.3634212549226
15000,19000,333.0576030252634
16000,19000,332.32346850101203
17000,19000,331.1705296174083
18000,19000,329.61372461755894
19000,19000,327.673224502623
20000,19000,325.3741716829032
21000,19000,322.7463542160533
22000,19000,319.82381985318847
23000,19000,316.6444348935731
24000,19000,313.2493935636593
25000,19000,309.6826842772865
26000,19000,305.990519692531
27000,19000,302.22073794976717
28000,19000,298.4221828488994
29000,19000,294.6440709965995
30000,19000,290.9353541232121
31000,19000,287.34408483157364
32000,19000,283.91679399552595
33000,19000,280.6978878749621
34000,19000,277.72907275878475
35000,19000,275.0488145904841
36000,19000,272.69184057778654
37000,19000,270.6886892438511
38000,19000,269.0653147498493
39000,19000,267.8427506155881
40000,19000,267.0368371952362
41000,19000,266.6580164391584
42000,19000,266.7111966010606
43000,19000,267.1956886433899
44000,19000,268.1052151649636
45000,19000,269.4279917351544
46000,19000,271.14687958081294
47000,19000,273.23960764761273
48000,19000,275.67906115864537
49000,19000,278.4336329315063
50000,19000,281.4676329019753
51000,19000,284.7417505482292
52000,19000,288.2135642241121
53000,19000,291.83809080220146
54000,19000,295.5683685051296
55000,19000,299.3560653736105
56000,19000,303.1521054874538
57000,19000,306.90730482583257
58000,19000,310.57300852817394
59000,19000,314.10172129889764
60000,19000,317.44772278805925
0,20000,300.0
1000,20000,304.09458759707616
2000,20000,308.1361229935399
3000,20000,312.07224136838005
4000,20000,315.85194375364057
5000,20000,319.4262578109738
6000,20000,322.7488723498323
7000,20000,325.77673736605954
8000,20000,328.4706218263805
9000,20000,330.79562197176523
10000,20000,332.72161355374845
11000,20000,334.22364214423146
12000,20000,335.282246461652
13000,20000,335.8837105242938
14000,20000,336.02024136366964
15000,20000,335.69006999540477
16000,20000,334.89747433937515
17000,20000,333.6527237921321
18000,20000,331.9719461697692
19000,20000,329.87691874520885
20000,20000,327.39478608736835
21000,20000,324.5577083580682
22000,20000,321.402444623583
23000,20000,317.96987657972664
24000,20000,314.30447886140706
25000,20000,310.45374279967194
26000,20000,306.4675610924328
27000,20000,302.39758136148197
28000,20000,298.2965369715495
29000,20000,294.217563781751
30000,20000,290.21351168205155
31000,20000,286.33625983493573
32000,20000,282.6360444944686
33000,20000,279.16080811197094
34000,20000,275.95557816172897
35000,20000,273.0618837350852
36000,20000,270.5172174619063
37000,20000,268.3545497311302
38000,20000,266.60190150447556
39000,20000,265.2819812582221
40000,20000,264.4118907570865
41000,20000,264.00290347238234
42000,20000,264.06031851542724
43000,20000,264.58339197873113
44000,20000,265.56534657455694
45000,20000,266.9934594459685
46000,20000,268.8492270126284
47000,20000,271.10860471549313
48000,20000,273.74231855411455
49000,20000,276.7162443800627
50000,20000,279.99185003209203
51000,20000,283.5266945844539
52000,20000,287.2749782397621
53000,20000,291.188135741634
54000,20000,295.2154656184573
55000,20000,299.30478710538256
56000,20000,303.40311623302364
57000,20000,307.4573523230091
58000,20000,311.4149659956942
59000,20000,315.22467977574536
60000,20000,318.8371324772205
0,21000,300.0
1000,21000,304.3225133627724
2000,21000,308.5890213670966
3000,21000,312.74424429720307
4000,21000,316.7343443207702
5000,21000,320.5076230476927
6000,21000,324.0151913688133
7000,21000,327.2116028957419
8000,21000,330.05544279449447
9000,21000,332.50986438363066
10000,21000,334.5430665443695
11000,21000,336.1287057570377
12000,21000,337.2462374252346
13000,21000,337.88118206528895
14000,21000,338.0253129120815
15000,21000,337.6767625104858
16000,21000,336.8400469113593
17000,21000,335.5260071585846
18000,21000,333.751668825293
19000,21000,331.54002141921404
20000,21000,328.91972051532065
21000,21000,325.92471647513827
22000,21000,322.59381456327725
23000,21000,318.9701721606114
24000,21000,315.1007395885435
25000,21000,311.03565178940954
26000,21000,306.8275787448167
27000,21000,302.5310430483256
28000,21000,298.2017134744598
29000,21000,293.8956836970325
30000,21000,289.6687455021954
31000,21000,285.57566591294454
32000,21000,281.66947759114004
33000,21000,278.0007917110613
34000,21000,274.617142207367
35000,21000,271.56236989381847
36000,21000,268.87605443253335
37000,21000,266.59300151355524
38000,21000,264.7427918891809
39000,21000,263.3493981060565
40000,21000,262.4308739009166
41000,21000,261.9991202843619
42000,21000,262.05973134344947
43000,21000,262.6119217609795
44000,21000,263.6485369905874
45000,21000,265.1561459558057
46000,21000,267.11521507202514
47000,21000,269.50036133661024
48000,21000,272.2806812079665
49000,21000,275.420151012382
50000,21000,278.8780936907069
51000,21000,282.60970583739
52000,21000,286.566638203204
53000,21000,290.69762214028054
54000,21000,294.94913387281537
55000,21000,299.2660879867117
56000,21000,303.5925511528478
57000,21000,307.8724668364957
58000,21000,312.0503816030738
59000,21000,316.07216360973257
60000,21000,319.8857039735191
0,22000,300.0
1000,22000,304.47222777411446
2000,22000,308.8865103902779
3000,22000,313.18565346655066
4000,22000,317.3139544454623
5000,22000,321.2179243133991
6000,22000,324.84698063984587
7000,22000,328.1541029570019
8000,22000,331.09644198824054
9000,22000,333.6358748318399
10000,22000,335.73949890665676
11000,22000,337.3800582598548
12000,22000,338.5362967131599
13000,22000,339.1932332720454
14000,22000,339.34235622946267
15000,22000,338.9817334491792
16000,22000,338.1160373998215
17000,22000,336.7564846152627
18000,22000,334.9206903657493
19000,22000,332.6324404227414
20000,22000,329.9213828746363
21000,22000,326.8226439864128
22000,22000,323.3763730803765
23000,22000,319.6272223348327
24000,22000,315.6237682407623
25000,22000,311.4178822124909
26000,22000,307.064058507141
27000,22000,302.6187081607866
28000,22000,298.1394280895459
29000,22000,293.68425482562276
30000,22000,289.31091255738943
31000,22000,285.0760652164045
32000,22000,281.0345823018228
33000,22000,277.2388279546653
34000,22000,273.73798249317565
35000,22000,270.5774051999026
36000,22000,267.7980466166623
37000,22000,265.43591796207824
38000,22000,263.52162454627876
39000,22000,262.0799692281398
40000,22000,261.1296310529471
41000,22000,260.68292323425993
42000,22000,260.7456336157256
43000,22000,261.3169496799271
44000,22000,262.38946907589934
45000,22000,263.94929552891205
46000,22000,265.9762188898492
47000,22000,268.4439769913444
48000,22000,271.32059591789107
49000,22000,274.5688042811604
50000,22000,278.1465161329016
51000,22000,282.0073762584825
52000,22000,286.1013607858862
53000,22000,290.37542532827206
54000,22000,294.77419226233667
55000,22000,299.2406682376387
56000,22000,303.71698262035864
57000,22000,308.1451373037259
58000,22000,312.4677581700705
59000,22000,316.6288384680565
60000,22000,320.57446447340766
0,23000,300.0
1000,23000,304.541021905555
2000,23000,309.02320731063037
3000,23000,313.3884820395847
4000,23000,317.58028668926477
5000,23000,321.54430945025626
6000,23000,325.2291898068142
7000,23000,328.5871839978701
8000,23000,331.5747836169592
9000,23000,334.1532793360762
10000,23000,336.2892624494783
11000,23000,337.9550577391
12000,23000,339.12908205308815
13000,23000,339.796123951474
14000,23000,339.9475407957081
15000,23000,339.5813707284348
16000,23000,338.70235809262056
17000,23000,337.32189196069106
18000,23000,335.4578585701326
19000,23000,333.1344095775014
20000,23000,330.38164913349584
21000,23000,327.2352438335546
22000,23000,323.7359605977211
23000,23000,319.9291384673092
24000,23000,315.86410116212465
25000,23000,311.59351800954147
26000,23000,307.17272152566085
27000,23000,302.65899049042554
28000,23000,298.11080780564555
29000,23000,293.58710275161934
30000,23000,289.146487460179
31000,23000,284.8464974969215
32000,23000,280.7428463921484
33000,23000,276.8887037793069
34000,23000,273.3340064938506
35000,23000,270.1248115583815
36000,23000,267.3026994372283
37000,23000,264.9042352922912
38000,23000,262.9604952204818
39000,23000,261.4966636111392
40000,23000,260.53170684032943
41000,23000,260.0781275298609
42000,23000,260.1418025549993
43000,23000,260.72190689976253
44000,23000,261.8109243463765
45000,23000,263.3947448603926
46000,23000,265.45284740967946
47000,23000,267.9585658485663
48000,23000,270.87943442216414
49000,23000,274.1776084142823
50000,23000,277.8103544887457
51000,23000,281.730604370924
52000,23000,285.88756469560786
53000,23000,290.22737511963595
54000,23000,294.6938061723284
55000,23000,299.22898780191287
56000,23000,303.77415917841034
57000,23000,308.27043003803533
58000,23000,312.6595437046277
59000,23000,316.8846319019007
60000,23000,320.89095157665713
0,24000,300.0
1000,24000,304.5276509993014
2000,24000,308.9966387404789
3000,24000,313.34906004560355
4000,24000,317.5285220490313
5000,24000,321.480872860883
6000,24000,325.15490319495086
7000,24000,328.5030098702752
8000,24000,331.4818125896221
9000,24000,334.0527160034711
10000,24000,336.1824097770368
11000,24000,337.84330018112433
12000,24000,339.0138676148401
13000,24000,339.67894542785564
14000,24000,339.8299164296183
15000,24000,339.4648245394039
16000,24000,338.5884001305997
17000,24000,337.2119987408406
18000,24000,335.35345394210947
19000,24000,333.0368462771159
20000,24000,330.2921912557665
21000,24000,327.1550504542523
22000,24000,323.66607075561245
23000,24000,319.870457701679
24000,24000,315.81738978000675
25000,24000,311.55938123467473
26000,24000,307.1516016568081
27000,24000,302.6511611706565
28000,24000,298.1163704768352
29000,24000,293.6059853400995
30000,24000,289.17844531057267
31000,24000,284.89111654206073
32000,24000,280.799548518004
33000,24000,276.95675431541815
34000,24000,273.4125237322047
35000,24000,270.2127781774089
36000,24000,267.39897568289786
37000,24000,265.0075737455215
38000,24000,263.06955695953235
39000,24000,261.6100355595714
40000,24000,260.6479200757648
41000,24000,260.19567631631645
42000,24000,260.25916385220467
43000,24000,260.8375600966829
44000,24000,261.92337096326054
45000,24000,263.5025279640728
46000,24000,265.55457049056764
47000,24000,268.0529109147606
48000,24000,270.965179076229
49000,24000,274.2536416914426
50000,24000,277.8756912512855
51000,24000,281.7843980722861
52000,24000,285.92911834881403
53000,24000,290.2561503279139
54000,24000,294.70943010493846
55000,24000,299.2312580247912
56000,24000,303.76304627703917
57000,24000,308.2460779985571
58000,24000,312.6222680482648
59000,24000,316.8349155968526
60000,24000,320.8294387804431
0,25000,300.0
1000,25000,304.4323569879053
2000,25000,308.8072854102876
3000,25000,313.06810078432005
4000,25000,317.159597151738
5000,25000,321.0287623639566
6000,25000,324.62546494273187
7000,25000,327.90310361693975
8000,25000,330.8192111196439
9000,25000,333.3360044222552
10000,25000,335.42087427658333
11000,25000,337.04680772194786
12000,25000,338.19273808306554
13000,25000,338.8438179239091
14000,25000,338.99161142096466
15000,25000,338.63420366337266
16000,25000,337.7762254637868
17000,25000,336.42879335848477
18000,25000,334.6093655741299
19000,25000,332.34151582737303
20000,25000,329.65462788809845
21000,25000,326.58351486375545
22000,25000,323.16796813758066
23000,25000,319.4522418049675
24000,25000,315.48447928796895
25000,25000,311.31608955709646
26000,25000,307.00108104250074
27000,25000,302.5953618648248
28000,25000,298.1560154524029
29000,25000,293.7405609303916
30000,25000,289.4062078647221
31000,25000,285.20911501690904
32000,25000,281.2036627137797
33000,25000,277.44174825978547
34000,25000,273.97211352100425
35000,25000,270.8397133930999
36000,25000,268.0851333357907
37000,25000,265.74406352063585
38000,25000,263.8468364054315
39000,25000,262.41803372671075
40000,25000,261.47616800241354
41000,25000,261.0334426713894
42000,25000,261.09559397752645
43000,25000,261.6618166471595
44000,25000,262.72477432273155
45000,25000,264.2706946175223
46000,25000,266.27954755985195
47000,25000,268.72530511471797
48000,25000,271.57627842033054
49000,25000,274.79552837008515
50000,25000,278.34134422019946
51000,25000,282.1677840218556
52000,25000,286.22526987564953
53000,25000,290.46123029583475
54000,25000,294.8207813614619
55000,25000,299.24743782896724
56000,25000,303.6838449925622
57000,25000,308.0725218099532
58000,25000,312.3566056649624
59000,25000,316.4805891174074
60000,25000,320.39103909441957
0,26000,300.0
1000,26000,304.25686411674604
2000,26000,308.4585734703451
3000,26000,312.55068791945007
4000,26000,316.48018730719895
5000,26000,320.1961584256353
6000,26000,323.65045468109827
7000,26000,326.7983199135168
8000,26000,329.5989682869913
9000,26000,332.0161127382139
10000,26000,334.0184351357989
11000,26000,335.5799920588256
12000,26000,336.6805509370574
13000,26000,337.30585219758007
14000,26000,337.4477940213143
15000,26000,337.10453731557243
16000,26000,336.28052954256725
17000,26000,334.98644709513286
18000,26000,333.239056966277
19000,26000,331.06099950486674
20000,26000,328.480495072208
21000,26000,325.5309784002723
22000,26000,322.2506653890691
23000,26000,318.6820579560238
24000,26000,314.8713933528635
25000,26000,310.8680450850269
26000,26000,306.7238831956848
27000,26000,302.4926022029568
28000,26000,298.2290253980175
29000,26000,293.98839451806725
30000,26000,289.82565399763894
31000,26000,285.79473907195506
32000,26000,281.94787695614264
33000,26000,278.3349101546928
34000,26000,275.00265066881735
35000,26000,271.9942734690223
36000,26000,269.34875709146957
37000,26000,267.10037860613465
38000,26000,265.2782695002867
39000,26000,263.90603823156135
40000,26000,263.0014643410795
41000,26000,262.57626808988545
42000,26000,262.63595860344867
43000,26000,263.17976249176957
44000,26000,264.2006338699346
45000,26000,265.6853456492885
46000,26000,267.6146609163929
47000,26000,269.9635821792739
48000,26000,272.7016752515556
49000,26000,275.79346357802416
50000,26000,279.1988878924755
51000,26000,282.8738252522158
52000,26000,286.7706607242572
53000,26000,290.8389043160634
54000,26000,295.02584515747805
55000,26000,299.277234457822
56000,26000,303.53798838931147
57000,26000,307.752901789772
58000,26000,311.86736343744235
59000,26000,315.8280636302904
60000,26000,319.58368490197415
0,27000,300.0
1000,27000,304.00434774561575
2000,27000,307.9568124981618
3000,27000,311.80618349513907
4000,27000,315.5025857253232
5000,27000,318.9981261425865
6000,27000,322.24751420006237
7000,27000,325.20864866459704
8000,27000,327.8431631083321
9000,27000,330.1169230096652
10000,27000,332.0004680228178
11000,27000,333.4693936856723
12000,27000,334.50466762021676
13000,27000,335.0928761286948
14000,27000,335.2263979903963
15000,27000,334.903503207263
16000,27000,334.1283754188935
17000,27000,332.91105769652603
18000,27000,331.26732241832696
19000,27000,329.21846691196737
20000,27000,326.7910375122788
21000,27000,324.01648560928083
22000,27000,320.93076014305046
23000,27000,317.57384182534145
24000,27000,313.98922512288794
25000,27000,310.22335471416085
26000,27000,306.3250237212188
27000,27000,302.34474151356204
28000,27000,298.334079275142
29000,27000,294.34500181379764
30000,27000,290.4291942706379
31000,27000,286.6373924529727
32000,27000,283.0187254674446
33000,27000,279.6200791706421
34000,27000,276.4854886847537
35000,27000,273.6555678492327
36000,27000,271.1669830008771
37000,27000,269.05197790037977
38000,27000,267.33795596071644
39000,27000,266.0471251902985
40000,27000,265.1962104512435
41000,27000,264.7962367609358
42000,27000,264.85238644456825
43000,27000,265.36393198948906
44000,27000,266.3242454713401
45000,27000,267.7208844298533
46000,27000,269.53575308164324
47000,27000,271.7453367812132
48000,27000,274.32100669234455
49000,27000,277.2293907223425
50000,27000,280.43280591306797
51000,27000,283.88974668640975
52000,27000,287.5554226181641
53000,27000,291.382338772565
54000,27000,295.3209110782653
55000,27000,299.3201087725484
56000,27000,303.3281155898356
57000,27000,307.2930011276905
58000,27000,311.16339369165735
59000,27000,314.88914590110636
60000,27000,318.4219844320551
0,28000,300.0
1000,28000,303.67937689390783
2000,28000,307.31108133327007
3000,28000,310.8480585395739
4000,28000,314.2444810833501
5000,28000,317.4563426548335
6000,28000,320.4420282389856
7000,28000,323.1628533073108
8000,28000,325.583565040341
9000,28000,327.67279908661453
10000,28000,329.40348594007696
11000,28000,330.75320167060823
12000,28000,331.7044584633777
13000,28000,332.2449312026056
14000,28000,332.367617163962
15000,28000,332.07092674652137
16000,28000,331.3587040686894
17000,28000,330.2401771612481
18000,28000,328.7298384028502
19000,28000,326.8472567471214
20000,28000,324.61682417427966
21000,28000,322.0674396524144
22000,28000,319.2321347032322
23000,28000,316.14764542368914
24000,28000,312.85393650868195
25000,28000,309.3936834418767
26000,28000,305.81171956375454
27000,28000,302.15445518102973
28000,28000,298.46927624384375
29000,28000,294.80393038187447
30000,28000,291.2059082542841
31000,28000,287.7218282291489
32000,28000,284.396832364872
33000,28000,281.2740015196459
34000,28000,278.3937971671971
35000,28000,275.7935371510173
36000,28000,273.50691216955966
37000,28000,271.56354925713845
38000,28000,269.98862791636503
39000,28000,268.80255387576227
40000,28000,268.0206946995724
41000,28000,267.653180675372
42000,28000,267.70477355932763
43000,28000,268.1748048797153
44000,28000,269.057184598085
45000,28000,270.3404800158497
46000,28000,272.0080639039335
47000,28000,274.0383299362116
48000,28000,276.40497263544427
49000,28000,279.07732820453816
50000,28000,282.020771827099
51000,28000,285.19716628958486
52000,28000,288.5653561124138
53000,28000,292.08170078773367
54000,28000,295.7006402148714
55000,28000,299.3752850073036
56000,28000,303.0580240227394
57000,28000,306.70114124475015
58000,28000,310.2574340232192
59000,28000,313.68082466327587
60000,28000,316.9269574385604
0,29000,300.0
1000,29000,303.287831568994
2000,29000,306.5330638051266
3000,29000,309.6936493208297
4000,29000,312.72863746775204
5000,29000,315.598704920599
6000,29000,318.26666517629315
7000,29000,320.69795036704426
8000,29000,322.86105914463894
9000,29000,324.72796483286254
10000,29000,326.2744785597597
11000,29000,327.4805626647494
12000,29000,328.33059031988466
13000,29000,328.81354800143026
14000,29000,328.9231781884024
15000,29000,328.658060439173
16000,29000,328.02162979565657
17000,29000,327.0221322766218
18000,29000,325.6725180367873
19000,29000,323.990273576003
20000,29000,321.9971951725256
21000,29000,319.71910647593904
22000,29000,317.18552391877256
23000,29000,314.42927428196674
24000,29000,311.48606936926313
25000,29000,308.39404330132
26000,29000,305.19325842467794
27000,29000,301.92518623734924
28000,29000,298.6321700565026
29000,29000,295.3568763902794
30000,29000,292.1417421221326
31000,29000,289.02842467033594
32000,29000,286.0572622467622
33000,29000,283.2667512081777
34000,29000,280.693047271836
35000,29000,278.3694970579549
36000,29000,276.32620602872254
37000,29000,274.5896484219033
38000,29000,273.182324233003
39000,29000,272.12246769035994
40000,29000,271.4238110003533
41000,29000,271.0954064238026
42000,29000,271.14150898885526
43000,29000,271.5615213600112
44000,29000,272.35000157759896
45000,29000,273.4967335674254
46000,29000,274.98685950702827
47000,29000,276.8010723335079
48000,29000,278.9158658986765
49000,29000,281.30383953035084
50000,29000,283.93405305368776
51000,29000,286.7724276726703
52000,29000,289.7821875176585
53000,29000,292.9243361380195
54000,29000,296.1581617660821
55000,29000,299.44176480588004
56000,29000,302.73260071218914
57000,29000,305.988031225955
58000,29000,309.1658768239409
59000,29000,312.22496322468805
60000,29000,315.1256548698952
0,30000,300.0
1000,30000,302.83679637364645
2000,30000,305.6368373264493
3000,30000,308.36384366524715
4000,30000,310.98248248191976
5000,30000,313.45882495004935
6000,30000,315.7607859293649
7000,30000,317.8585396821623
8000,30000,319.7249063154023
9000,30000,321.3357039414842
10000,30000,322.67006199486786
11000,30000,323.7106916450036
12000,30000,324.4441098019211
13000,30000,324.8608138121124
14000,30000,324.95540458123133
15000,30000,324.72665652835184
16000,30000,324.1775334654094
17000,30000,323.3151501960821
18000,30000,322.15068033166153
19000,30000,320.6992115183123
20000,30000,318.97954995149195
21000,30000,317.0139767103727
22000,30000,314.82795906935866
23000,30000,312.4498205271378
24000,30000,309.9103738285921
25000,30000,307.2425217343788
26000,30000,304.4808307108758
27000,30000,301.66108306405044
28000,30000,298.81981332010093
29000,30000,295.993834859832
30000,30000,293.2197629400055
31000,30000,290.5335402817173
32000,30000,287.9699713725936
33000,30000,285.56227151669765
34000,30000,283.34163647495564
35000,30000,281.3368382721267
36000,30000,279.57385240731116
37000,30000,278.0755212981053
38000,30000,276.86125831904434
39000,30000,275.94679626900836
40000,30000,275.34398352661435
41000,30000,275.06063053474173
42000,30000,275.10040860323846
43000,30000,275.46280234098896
44000,30000,276.1431163336639
45000,30000,277.13253598063176
46000,30000,278.4182417027881
47000,30000,279.98357504155
48000,30000,281.8082544969264
49000,30000,283.86863830812325
50000,30000,286.138030771923
51000,30000,288.587028129973
52000,30000,291.1838995434383
53000,30000,293.8949982188567
54000,30000,296.68519735837646
55000,30000,299.51834528591564
56000,30000,302.35773385232557
57000,30000,305.16657405058874
58000,30000,307.90847267866627
59000,30000,310.54790387403193
60000,30000,313.0506694103784
0,31000,300.0
1000,31000,302.3344323175669
2000,31000,304.63861817717157
3000,31000,306.88270301408096
4000,31000,309.03761097239095
5000,31000,311.0754216311568
6000,31000,312.9697317599394
7000,31000,314.69599741662205
8000,31000,316.23185195505107
9000,31000,317.5573958221818
10000,31000,318.6554543899247
11000,31000,319.51180048105164
12000,31000,320.11533870596764
13000,31000,320.45824922195925
14000,31000,320.53608905227844
15000,31000,320.3478496523049
16000,31000,319.89596997692075
17000,31000,319.186304879789
18000,31000,318.22804925397486
19000,31000,317.03361889679434
20000,31000,315.6184896424858
21000,31000,314.00099684700706
22000,31000,312.20209782296644
23000,31000,310.2451003027405
24000,31000,308.15536044798904
25000,31000,305.95995431835735
26000,31000,303.68732705603725
27000,31000,301.36692433158254
28000,31000,299.02881082621485
29000,31000,296.7032806938142
30000,31000,294.4204650497101
31000,31000,292.20994157190825
32000,31000,290.1003512730192
33000,31000,288.1190274082471
34000,31000,286.29164132755335
35000,31000,284.64186986056995
36000,31000,283.19108854384507
37000,31000,281.95809466517267
38000,31000,280.9588637134279
39000,31000,280.20634238950623
40000,31000,279.71028086025495
41000,31000,279.47710642882527
42000,31000,279.5098402582576
43000,31000,279.80805822728337
44000,31000,280.3678964255224
45000,31000,281.18210121687605
46000,31000,282.24012322246136
47000,31000,283.52825400538165
48000,31000,285.02980368635355
49000,31000,286.72531718888496
50000,31000,288.59282631218775
51000,31000,290.6081343658001
52000,31000,292.7451296780038
53000,31000,294.9761239160126
54000,31000,297.2722108344296
55000,31000,299.60364080379105
56000,31000,301.9402062665553
57000,31000,304.25163312631196
58000,31000,306.5079729991133
59000,31000,308.67999124465825
60000,31000,310.73954574973885
0,32000,300.0
1000,32000,301.7898291524594
2000,32000,303.5564680878317
3000,32000,305.27702705690854
4000,32000,306.92921335317686
5000,32000,308.49162015195407
6000,32000,309.94400387144776
7000,32000,311.26754646206797
8000,32000,312.44509922559484
9000,32000,313.4614050051203
10000,32000,314.303295866922
11000,32000,314.95986371297164
12000,32000,315.42260161350936
13000,32000,315.68551402848414
14000,32000,315.74519448975917
15000,32000,315.60086973757905
16000,32000,315.2544097394372
17000,32000,314.7103034615336
18000,32000,313.9756007067422
19000,32000,313.05982077267566
20000,32000,311.97482911333327
21000,32000,310.7346836023859
22000,32000,309.35545239001374
23000,32000,307.8550057132637
24000,32000,306.2527843573716
25000,32000,304.569547768016
26000,32000,302.8271050781315
27000,32000,301.04803253427474
28000,32000,299.25538098375654
29000,32000,297.4723772125306
30000,32000,295.7221230035046
31000,32000,294.02729581447335
32000,32000,292.4098549538908
33000,32000,290.89075706146235
34000,32000,289.4896845799808
35000,32000,288.2247907365045
36000,32000,287.11246433707214
37000,32000,286.1671174224304
38000,32000,285.40099853604664
39000,32000,284.8240340238324
40000,32000,284.4436994218025
41000,32000,284.26492259805804
42000,32000,284.2900199040492
43000,32000,284.5186661623849
44000,32000,284.94789888004743
45000,32000,285.57215663242283
46000,32000,286.3833511208173
47000,32000,287.3709719698356
48000,32000,288.522222906796
49000,32000,289.82218755875135
50000,32000,291.25402271893927
51000,32000,292.7991765785727
52000,32000,294.4376290964156
53000,32000,296.1481513917542
54000,32000,297.9085807998968
55000,32000,299.6961080264004
56000,32000,301.4875726794618
57000,32000,303.2597633513601
58000,32000,304.98971836089555
59000,32000,306.6550232602048
60000,32000,308.2341012512577
0,33000,300.0
1000,33000,301.21284090248855
2000,33000,302.40996743146707
3000,33000,303.575868819302
4000,33000,304.6954388720592
5000,33000,305.75417169540117
6000,33000,306.7383496426035
7000,33000,307.6352210495107
8000,33000,308.43316545357925
9000,33000,309.12184415632044
10000,33000,309.6923341783548
11000,33000,310.1372438714692
12000,33000,310.4508086897272
13000,33000,310.6289658787612
14000,33000,310.6694071155208
15000,33000,310.57160841644105
16000,33000,310.3368369265225
17000,33000,309.9681345013578
18000,33000,309.4702782948268
19000,33000,308.8497188631135
20000,33000,308.114496587009
21000,33000,307.27413749538977
22000,33000,306.3395298396505
23000,33000,305.32278301827665
24000,33000,304.2370706794221
25000,33000,303.0964600343611
26000,33000,301.915729593341
27000,33000,300.7101776853732
28000,33000,299.49542424290615
29000,33000,298.28720841958994
30000,33000,297.1011846633322
31000,33000,295.9527198868578
32000,33000,294.8566943637651
33000,33000,293.8273089298037
34000,33000,292.87790098739924
35000,33000,292.0207716973963
36000,33000,291.26702659703545
37000,33000,290.62643170922547
38000,33000,290.10728700745415
39000,33000,289.71631887581077
40000,33000,289.45859295747954
41000,33000,289.3374485208967
42000,33000,289.35445519396745
43000,33000,289.5093926269227
44000,33000,289.8002533473172
45000,33000,290.22326877017815
46000,33000,290.77295802629857
47000,33000,291.4421989760249
48000,33000,292.22232048843586
49000,33000,293.1032147902826
50000,33000,294.07346842902285
51000,33000,295.12051015310385
52000,33000,296.23077379346
53000,33000,297.38987403582365
54000,33000,298.5827928064254
55000,33000,299.79407385614815
56000,33000,301.008023021972
57000,33000,302.2089115709899
58000,33000,303.3811799923342
59000,33000,304.50963959654916
60000,33000,305.5796693103555
0,34000,300.0
1000,34000,300.61390756602776
2000,34000,301.219860937261
3000,34000,301.810008978744
4000,34000,302.3767053398871
5000,34000,302.91260752567086
6000,34000,303.41077203089617
7000,34000,303.86474430485606
8000,34000,304.26864238078844
9000,34000,304.61723308655
10000,34000,304.9059998490756
11000,34000,305.13120121410344
12000,34000,305.289919322945
13000,34000,305.3800977182035
14000,34000,305.4005679886036
15000,34000,305.3510649077052
16000,34000,305.23222987035376
17000,34000,305.0456025823418
18000,34000,304.7936011109566
19000,34000,304.4794905548919
20000,34000,304.1073407394573
21000,34000,303.68197348521414
22000,34000,303.2089001332613
23000,34000,302.69425013663323
24000,34000,302.1446916430296
25000,34000,301.5673450978578
26000,34000,300.969690987006
27000,34000,300.3594729146916
28000,34000,299.74459727217436
29000,34000,299.1330307972918
30000,34000,298.53269735210426
31000,34000,297.95137525606725
32000,34000,297.39659650495037
33000,34000,296.8755491812898
34000,34000,296.3949843208097
35000,34000,295.96112844151247
36000,34000,295.57960286876965
37000,34000,295.2553509016911
38000,34000,294.9925737644534
39000,34000,294.7946761724452
40000,34000,294.66422221850917
41000,34000,294.60290215085
42000,34000,294.61151047305424
43000,34000,294.6899356499731
44000,34000,294.8371615528464
45000,34000,295.05128062494225
46000,34000,295.3295185971314
47000,34000,295.66827043316334
48000,34000,296.0631470389139
49000,34000,296.50903213040846
50000,34000,297.0001485238006
51000,34000,297.5301329884086
52000,34000,298.09211869296524
53000,34000,298.67882417685155
54000,34000,299.28264769354394
55000,34000,299.89576570389886
56000,34000,300.51023424313036
57000,34000,301.11809184810187
58000,34000,301.7114627113388
59000,34000,302.2826587252289
60000,34000,302.8242790942586
0,35000,300.0
1000,35000,300.0038662148178
2000,35000,300.0076823363846
3000,35000,300.011398920491
4000,35000,300.0149678126009
5000,35000,300.0183427717743
6000,35000,300.021480069795
7000,35000,300.02433905774296
8000,35000,300.0268826926686
9000,35000,300.0290780175457
10000,35000,300.030896588285
11000,35000,300.03231484227405
12000,35000,300.03331440367094
13000,35000,300.03388232149325
14000,35000,300.03401123741986
15000,35000,300.0336994811303
16000,35000,300.03295109194653
17000,35000,300.0317757664965
18000,35000,300.0301887330786
19000,35000,300.02821055435356
20000,35000,300.0258668609207
21000,35000,300.0231880192312
22000,35000,300.02020873814
23000,35000,300.01696761919465
24000,35000,300.01350665648823
25000,35000,300.0098706925558
26000,35000,300.0061068373646
27000,35000,300.0022638579263
28000,35000,299.9983915464388
29000,35000,299.99454007514555
30000,35000,299.9907593462707
31000,35000,299.98709834545235
32000,35000,299.98360450705246
33000,35000,299.98032309956545
34000,35000,299.97729663908945
35000,35000,299.9745643384596
36000,35000,299.97216159918037
37000,35000,299.9701195527402
38000,35000,299.96846465725105
39000,35000,299.9672183546398
40000,35000,299.966396792832
41000,35000,299.96601061652905
42000,35000,299.9660648292879
43000,35000,299.9665587286921
44000,35000,299.9674859154524
45000,35000,299.96883437632033
46000,35000,299.9705866397399
47000,35000,299.9727200022206
48000,35000,299.9752068224992
49000,35000,299.9780148796778
50000,35000,299.9811077906997
51000,35000,299.9844454817523
52000,35000,299.9879847074901
53000,35000,299.99167961135026
54000,35000,299.99548231970044
55000,35000,299.99934356212174
56000,35000,300.0032133097888
57000,35000,300.00704142367675
58000,35000,300.0107783041957
59000,35000,300.01437553383573
60000,35000,300.0177865044968
0,36000,300.0
1000,36000,299.39375490849795
2000,36000,298.79536473167343
3000,36000,298.2125826107044
4000,36000,297.6529594584145
5000,36000,297.12374612462423
6000,36000,296.63179944931693
7000,36000,296.18349342085895
8000,36000,295.7846365903666
9000,36000,295.44039681225377
10000,36000,295.15523428607275
11000,36000,294.93284376720186
12000,36000,294.77610669513695
13000,36000,294.6870538596446
14000,36000,294.66683908849905
15000,36000,294.7157242977221
16000,36000,294.8330760980247
17000,36000,295.0173740014203
18000,36000,295.26623012167806
19000,36000,295.5764201133658
20000,36000,295.943924948614
21000,36000,296.36398299031424
22000,36000,296.83115168705723
23000,36000,297.33937809044903
24000,36000,297.8820772811369
25000,36000,298.45221768740487
26000,36000,299.04241219089397
27000,36000,299.6450138390218
28000,36000,300.2522149239867
29000,36000,300.85614814462394
30000,36000,301.4489885403929
31000,36000,302.02305487677063
32000,36000,302.5709091684362
33000,36000,303.08545305075603
34000,36000,303.5600197509183
35000,36000,303.9884604670754
36000,36000,304.3652240363118
37000,36000,304.68542885920266
38000,36000,304.9449261490635
39000,36000,305.14035368639026
40000,36000,305.26917938201166
41000,36000,305.3297340845208
42000,36000,305.32123320691124
43000,36000,305.24378689220805
44000,36000,305.09839858638156
45000,36000,304.8869520370337
46000,36000,304.6121868863114
47000,36000,304.27766317428024
48000,36000,303.8877152126771
49000,36000,303.4473954266846
50000,36000,302.9624088923491
51000,36000,302.43903941782077
52000,36000,301.884068126155
53000,36000,301.30468559457154
54000,36000,300.70839868855273
55000,36000,300.1029332979008
56000,36000,299.4961342349704
57000,36000,298.8958635920614
58000,36000,298.3098988749212
59000,36000,297.74583223220657
60000,36000,297.21097208655567
0,37000,300.0
1000,37000,298.7946129724721
2000,37000,297.60484374109194
3000,37000,296.4461077474514
4000,37000,295.333418345871
5000,37000,294.2811922803946
6000,37000,293.3030628918634
7000,37000,292.41170347528333
8000,37000,291.61866307618465
9000,37000,290.93421685350563
10000,37000,290.36723294779847
11000,37000,289.92505757970105
12000,37000,289.613419867416
13000,37000,289.4363575964438
14000,37000,289.3961649033485
15000,37000,289.4933625513978
16000,37000,289.72669118320806
17000,37000,290.09312763781617
18000,37000,290.5879241207641
19000,37000,291.2046697196819
20000,37000,291.93537346833307
21000,37000,292.77056788288866
22000,37000,293.69943162894543
23000,37000,294.7099297299326
24000,37000,295.7889695002742
25000,37000,296.9225701829324
26000,37000,298.09604409339556
27000,37000,299.2941869230892
28000,37000,300.5014747365116
29000,37000,301.70226510966864
30000,37000,302.88099980372425
31000,37000,304.02240634789223
32000,37000,305.1116959197269
33000,37000,306.13475495894414
34000,37000,307.0783280320967
35000,37000,307.93018957878746
36000,37000,308.67930231416227
37000,37000,309.3159602353146
38000,37000,309.83191437871545
39000,37000,310.2204796992721
40000,37000,310.47662168621923
41000,37000,310.5970215935892
42000,37000,310.5801194400926
43000,37000,310.4261342212733
44000,37000,310.1370610720567
45000,37000,309.71664541645464
46000,37000,309.17033443935986
47000,37000,308.5052065091958
48000,37000,307.7298794658662
49000,37000,306.8543989622893
50000,37000,305.8901083062358
51000,37000,304.84950148888817
52000,37000,303.74606130437985
53000,37000,302.5940846577456
54000,37000,301.40849732471
55000,37000,300.20466056340825
56000,37000,298.9981720837074
57000,37000,297.8046639529024
58000,37000,296.6396000562531
59000,37000,295.51807573660074
60000,37000,294.45462220906467
0,38000,300.0
1000,38000,298.2172812528717
2000,38000,296.4576605956892
3000,38000,294.74393684418027
4000,38000,293.0983141432321
5000,38000,291.5421142752204
6000,38000,290.0955004008137
7000,38000,288.77721581165105
8000,38000,287.6043410797877
9000,38000,286.5920727504416
10000,38000,285.7535264454451
11000,38000,285.09956692852364
12000,38000,284.63866733418985
13000,38000,284.3767993841767
14000,38000,284.3173560138382
15000,38000,284.46110741102194
16000,38000,284.80619103700303
17000,38000,285.348135758775
18000,38000,286.0799197800229
19000,38000,286.9920616201873
20000,38000,288.07274296283373
21000,38000,289.3079617816215
22000,38000,290.6817137598714
23000,38000,292.1761996531383
24000,38000,293.77205590806267
25000,38000,295.4486055494478
26000,38000,297.18412608490524
27000,38000,298.95613095591574
28000,38000,300.7416608886392
29000,38000,302.5175813695394
30000,38000,304.2608823915299
31000,38000,305.9489765869323
32000,38000,307.55999188443695
33000,38000,309.07305489820783
34000,38000,310.4685613773545
35000,38000,311.7284302116474
36000,38000,312.8363377024092
37000,38000,313.7779290632136
38000,38000,314.5410044100469
39000,38000,315.11567683112065
40000,38000,315.4945004882773
41000,38000,315.67256709022274
42000,38000,315.64756948761277
43000,38000,315.41983156601526
44000,38000,314.9923040494328
45000,38000,314.37052626875993
46000,38000,313.5625543905274
47000,38000,312.5788570358495
48000,38000,311.43217964200545
49000,38000,310.1373793240754
50000,38000,308.7112323762749
51000,38000,307.1722169071274
52000,38000,305.54027342479867
53000,38000,303.83654647460855
54000,38000,302.08311067623674
55000,38000,300.302684710266
56000,38000,298.51833695984425
57000,38000,296.75318662136766
58000,38000,295.030104156793
59000,38000,293.3714149687195
60000,38000,291.79861013762184
0,39000,300.0
1000,39000,297.6722059627936
2000,39000,295.37457237357336
3000,39000,293.1368689014987
4000,39000,290.9880887212659
5000,39000,288.95607285825093
6000,39000,287.0671494616644
7000,39000,285.34579267953757
8000,39000,283.81430555537986
9000,39000,282.49253105511144
10000,39000,281.39759496839747
11000,39000,280.54368401552483
12000,39000,279.9418620348174
13000,39000,279.599926632187
14000,39000,279.52230815016435
15000,39000,279.710012265434
16000,39000,280.1606069586185
17000,39000,280.86825402513887
18000,39000,281.82378471887716
19000,39000,283.01481854854967
20000,39000,284.4259236875879
21000,39000,286.0388169191484
22000,39000,287.83260052563253
23000,39000,289.7840330534162
24000,39000,291.8678304445837
25000,39000,294.0569936340007
26000,39000,296.3231583671617
27000,39000,298.63696270633943
28000,39000,300.9684274633812
29000,39000,303.287344630013
30000,39000,305.5636687728888
31000,39000,307.7679063222108
32000,39000,309.8714977100393
33000,39000,311.84718740705233
34000,39000,313.6693770633138
35000,39000,315.31445717752325
36000,39000,316.76111299741973
37000,39000,317.99060068789043
38000,39000,318.98699018856695
39000,39000,319.7373716142838
40000,39000,320.23202252413853
41000,39000,320.464533891903
42000,39000,320.4318931456307
43000,39000,320.1345232005429
44000,39000,319.57627697945753
45000,39000,318.7643874917584
46000,39000,317.70937411771393
47000,39000,316.4249063123894
48000,39000,314.9276264950938
49000,39000,313.2369344191252
50000,39000,311.37473581566184
51000,39000,309.3651585685381
52000,39000,307.23424009733117
53000,39000,305.009589999233
54000,39000,302.7200323207438
55000,39000,300.39523209415154
56000,39000,298.0653109776405
57000,39000,295.7604569790512
58000,39000,293.51053331996985
59000,39000,291.3446915079645
60000,39000,289.2909936302616
0,40000,300.0
1000,40000,297.1692496690095
2000,40000,294.37517642231217
3000,40000,291.6539821314994
4000,40000,289.04092439993155
5000,40000,286.5698597417753
6000,40000,284.2728049144848
7000,40000,282.17952208839506
8000,40000,280.3171332282449
9000,40000,278.7097686829607
10000,40000,277.3782545368042
11000,40000,276.33984277277136
12000,40000,275.6079877444247
13000,40000,275.1921718523388
14000,40000,275.09778268381064
15000,40000,275.3260432076951
16000,40000,275.8739959288066
17000,40000,276.73454120719435
18000,40000,277.8965292457999
19000,40000,279.344904554645
20000,40000,281.06090101977406
21000,40000,283.0222850495105
22000,40000,285.2036436476595
23000,40000,287.57671368119156
24000,40000,290.11074807619485
25000,40000,292.77291419741726
26000,40000,295.52871924972897
27000,40000,298.3424571897209
28000,40000,301.1776713569542
29000,40000,303.99762683070406
30000,40000,306.7657863920286
31000,40000,309.4462839242816
32000,40000,312.004389118378
33000,40000,314.4069574617809
34000,40000,316.6228596808535
35000,40000,318.6233850724353
36000,40000,320.382613498811
37000,40000,321.87775122625595
38000,40000,323.0894262558133
39000,40000,324.0019393197983
40000,40000,324.60346729195356
41000,40000,324.8862163757377
42000,40000,324.84652308593746
43000,40000,324.48490171521945
44000,40000,323.8060376706118
45000,40000,322.8187267662543
46000,40000,321.5357612589795
47000,40000,319.9737641033237
48000,40000,318.15297357347015
49000,40000,316.09698104270706
50000,40000,313.8324253179016
51000,40000,311.38864748939864
52000,40000,308.7973107683363
53000,40000,306.0919902370203
54000,40000,303.30773782782387
55000,40000,300.48062816703504
56000,40000,297.64729116800197
57000,40000,294.8444374296096
58000,40000,292.10838258934064
59000,40000,289.4745767937192
60000,40000,286.9771453826315
0,41000,300.0
1000,41000,296.7175128391448
2000,41000,293.47755576544404
3000,41000,290.32210781795226
4000,41000,287.2920530792697
5000,41000,284.426650954172
6000,41000,281.763027498647
7000,41000,279.335694390017
8000,41000,277.1761017706906
9000,41000,275.3122307591969
10000,41000,273.768230908201
11000,41000,272.5641073068355
12000,41000,271.7154613814583
13000,41000,271.2332887531947
14000,41000,271.123836771356
15000,41000,271.388523568626
16000,41000,272.0239196867905
17000,41000,273.02179251107947
18000,41000,274.3692129374
19000,41000,276.0487228904096
20000,41000,278.03856152195306
21000,41000,280.3129471590868
22000,41000,282.8424113485831
23000,41000,285.5941806698125
24000,41000,288.53260136898217
25000,41000,291.6196013128871
26000,41000,294.81518327679277
27000,41000,298.0779431750855
28000,41000,301.3656065201471
29000,41000,304.6355761587371
30000,41000,307.84548418904615
31000,41000,310.95374090741456
32000,41000,313.920073672198
33000,41000,316.70604870290225
34000,41000,319.27556905380914
35000,41000,321.5953423100167
36000,41000,323.63531194611284
37000,41000,325.3690467585119
38000,41000,326.7740833257104
39000,41000,327.83221705931857
40000,41000,328.529738074817
41000,41000,328.8576088259405
42000,41000,328.81158120113906
43000,41000,328.3922515649371
44000,41000,327.6050530310377
45000,41000,326.4601850672877
46000,41000,324.9724813445874
47000,41000,323.1612175419832
48000,41000,321.0498615981478
49000,41000,318.66576964515565
50000,41000,316.0398315642391
51000,41000,313.2060707559388
52000,41000,310.20120331029455
53000,41000,307.0641622887589
54000,41000,303.83559328155513
55000,41000,300.557327776373
56000,41000,297.2718411617876
57000,41000,294.02170238787147
58000,41000,290.84902241455984
59000,41000,287.794908594042
60000,41000,284.89893205656205
0,42000,300.0
1000,42000,296.32516917824313
2000,42000,292.697951909097
3000,42000,289.1653448323123
4000,42000,285.7731187550533
5000,42000,282.5652256148732
6000,42000,279.5832290091751
7000,42000,276.8657656695957
8000,42000,274.44804485880917
9000,42000,272.3613921758992
10000,42000,270.6328436810593
11000,42000,269.28479559841276
12000,42000,268.33471413563495
13000,42000,267.79490918014847
14000,42000,267.67237480403276
15000,42000,267.9686986441743
16000,42000,268.6800413317866
17000,42000,269.79718623782645
18000,42000,271.3056588897704
19000,42000,273.1859145125095
20000,42000,275.4135912634563
21000,42000,277.959825880783
22000,42000,280.7916276550417
23000,42000,283.8723058787408
24000,42000,287.1619452355582
25000,42000,290.61792296973084
26000,42000,294.1954611348311
27000,42000,297.84820676662645
28000,42000,301.52883246291844
29000,42000,305.1896495888471
30000,42000,308.7832261625667
31000,42000,312.2630014155541
32000,42000,315.5838890648978
33000,42000,318.70286148117054
34000,42000,321.5795071830181
35000,42000,324.1765544351931
36000,42000,326.46035416595
37000,42000,328.4013159468019
38000,42000,329.9742913857953
39000,42000,331.15889996680517
40000,42000,331.9397931130586
41000,42000,332.3068530535055
42000,42000,332.2553239153905
43000,42000,331.78587334450395
44000,42000,330.90458385471914
45000,42000,329.62287401889625
46000,42000,327.9573505222569
47000,42000,325.9295929951237
48000,42000,323.5658744128751
49000,42000,320.89682068579964
50000,42000,317.95701384943015
51000,42000,314.7845439966874
52000,42000,311.42051575729886
53000,42000,307.9085157188734
54000,42000,304.2940476900784
55000,42000,300.6239431230259
56000,42000,296.9457543338268
57000,42000,293.30713838315177
58000,42000,289.75523959965165
59000,42000,286.33607874667564
60000,42000,283.0939567466483
0,43000,300.0
1000,43000,295.9993177341308
2000,43000,292.0504709689374
3000,43000,288.2046235898682
4000,43000,284.51160495381
5000,43000,281.019264266794
6000,43000,277.7728506178536
7000,43000,274.8144267017268
8000,43000,272.1823238266039
9000,43000,269.91064526820014
10000,43000,268.0288244050305
11000,43000,266.56124335997856
12000,43000,265.52691708929353
13000,43000,264.93924701216855
14000,43000,264.8058473730388
15000,43000,265.1284465863657
16000,43000,265.90286484214977
17000,43000,267.1190682623287
18000,43000,268.7612989063766
19000,43000,270.8082789416635
20000,43000,273.2334863332084
21000,43000,276.00549848080743
22000,43000,279.08839935114395
23000,43000,282.4422448298074
24000,43000,286.0235802638106
25000,43000,289.78600348897913
26000,43000,293.6807660472577
27000,43000,297.65740480415934
28000,43000,301.66439578270405
29000,43000,305.6498217423381
30000,43000,309.5620448532375
31000,43000,313.35037575038115
32000,43000,316.9657302986816
33000,43000,320.36126555969054
34000,43000,323.49298671986855
35000,43000,326.32031711665496
36000,43000,328.80662397669914
37000,43000,330.9196930544402
38000,43000,332.6321460213009
39000,43000,333.9217951975253
40000,43000,334.77193103051616
41000,43000,335.1715385949142
42000,43000,335.1154403092974
43000,43000,334.60436302037067
44000,43000,333.64492858545606
45000,43000,332.2495680753047
46000,43000,330.43636070887464
47000,43000,328.2287996069445
48000,43000,325.6554873996123
49000,43000,322.7497656315942
50000,43000,319.54928276699206
51000,43000,316.0955063907493
52000,43000,312.43318592703594
53000,43000,308.60977283594195
54000,43000,304.6748058007961
55000,43000,300.67926887203134
56000,43000,296.67493088391336
57000,43000,292.7136747030873
58000,43000,288.846824999645
59000,43000,285.12448325055857
60000,43000,281.5948785916173
0,44000,300.0
1000,44000,295.74585444757724
2000,44000,291.5468284347738
3000,44000,287.45732733578825
4000,44000,283.5303374471803
5000,44000,279.8167394621661
6000,44000,276.36464922651123
7000,44000,273.21879431762676
8000,44000,270.41993452432337
9000,44000,268.0043337358744
10000,44000,266.0032900829438
11000,44000,264.44273041818593
12000,44000,263.3428743906959
13000,44000,262.7179724667862
14000,44000,262.57612129146537
15000,44000,262.91915878291974
16000,44000,263.74264031922286
17000,44000,265.0358963258134
18000,44000,266.7821705176008
19000,44000,268.95883700454107
20000,44000,271.53769344771877
21000,44000,274.48532646761026
22000,44000,277.76354457005505
23000,44000,281.32987298065916
24000,44000,285.1381039762262
25000,44000,289.1388955827562
26000,44000,293.280410882883
27000,44000,297.50898964945736
28000,44000,301.76984360314435
29000,44000,306.0077662858155
30000,44000,310.1678483521434
31000,44000,314.1961890116053
32000,44000,318.04059440297976
33000,44000,321.6512538527317
34000,44000,324.9813852552326
35000,44000,327.9878412128405
36000,44000,330.63166808228505
37000,44000,332.8786106839817
38000,44000,334.69955613492493
39000,44000,336.070911054566
40000,44000,336.9749072563458
41000,44000,337.3998319641391
42000,44000,337.3401795707733
43000,44000,336.7967229723374
44000,44000,335.7765035540262
45000,44000,334.2927399572695
46000,44000,332.36465681022094
47000,44000,330.01723564068766
48000,44000,327.28089119883805
49000,44000,324.19107738346713
50000,44000,320.78782787769956
51000,44000,317.1152374459614
52000,44000,313.2208906128799
53000,44000,309.1552451265297
54000,44000,304.97097819428456
55000,44000,300.72230396187774
56000,44000,296.4642710788669
57000,44000,292.2520494517122
58000,44000,288.14021542576955
59000,44000,284.182044657856
60000,44000,280.42882184140143
0,45000,300.0
1000,45000,295.5693654714192
2000,45000,291.1961371910326
3000,45000,286.93697761349637
4000,45000,282.8470712434745
5000,45000,278.97940962848776
6000,45000,275.38410476517424
7000,45000,272.10773981492684
8000,45000,269.1927655414668
9000,45000,266.6769502905115
10000,45000,264.59289063796325
11000,45000,262.9675890469895
12000,45000,261.82210400614747
13000,45000,261.1712771815988
14000,45000,261.02354111860996
15000,45000,261.3808099838866
16000,45000,262.2384547643562
17000,45000,263.5853632437408
18000,45000,265.40408397982293
19000,45000,267.6710524169395
20000,45000,270.3568962040401
21000,45000,273.42681576240557
22000,45000,276.84103517213845
23000,45000,280.55531753543994
24000,45000,284.521538139284
25000,45000,288.6883079912119
26000,45000,293.00163964930186
27000,45000,297.4056467193792
28000,45000,301.8432679563146
29000,45000,306.25700658747286
30000,45000,310.5896752791459
31000,45000,314.785137093689
32000,45000,318.78903283702704
33000,45000,322.54948537253256
34000,45000,326.01777177571614
35000,45000,329.1489546208468
36000,45000,331.90246422013155
37000,45000,334.2426242715776
38000,45000,336.13911410489237
39000,45000,337.5673615362574
40000,45000,338.508861241887
41000,45000,338.9514145253128
42000,45000,338.8892873718099
43000,45000,338.3232847421059
44000,45000,337.26074014277407
45000,45000,335.71542060844416
46000,45000,333.7073483269439
47000,45000,331.2625412185146
48000,45000,328.41267583033004
49000,45000,325.1946769140795
50000,45000,321.650239004323
51000,45000,317.82528619636656
52000,45000,313.76937712313475
53000,45000,309.5350628405562
54000,45000,305.1772059411264
55000,45000,300.7522697176649
56000,45000,296.3175865873342
57000,45000,291.930615254706
58000,45000,287.6481962385631
59000,45000,283.5258154083281
60000,45000,279.61688507223033
0,46000,300.0
1000,46000,295.47304418892594
2000,46000,291.0047426286546
3000,46000,286.6529896064988
4000,46000,282.47416932938376
5000,46000,278.5224253725558
6000,46000,274.84895915940524
7000,46000,271.50136656176596
8000,46000,268.52302121613934
9000,46000,265.9525125460078
10000,46000,263.82314577159457
11000,46000,262.1625103852758
12000,46000,260.99212268376544
13000,46000,260.32714698866175
14000,46000,260.17619916740995
15000,46000,260.5412350003921
16000,46000,261.4175248405355
17000,46000,262.7937148937666
18000,46000,264.6519743263191
19000,46000,266.9682262928774
20000,46000,269.7124598922004
21000,46000,272.84911900832117
22000,46000,276.3375629992371
23000,46000,280.13259326410156
24000,46000,284.18503886636273
25000,46000,288.44239362512576
26000,46000,292.84949642015914
27000,46000,297.3492458960619
28000,46000,301.8833403054072
29000,46000,306.39303290496457
30000,46000,310.81989311758304
31000,46000,315.10656359761674
32000,46000,319.19750339084874
33000,46000,323.03970756003974
34000,46000,326.58339395215353
35000,46000,329.7826482090466
36000,46000,332.5960186644344
37000,46000,334.98705341925324
38000,46000,336.924772636712
39000,46000,338.3840699376656
40000,46000,339.3460376955636
41000,46000,339.79821201623724
42000,46000,339.7347342284032
43000,46000,339.1564267925059
44000,46000,338.0707826443727
45000,46000,336.4918681117534
46000,46000,334.4401406616208
47000,46000,331.9421838396204
48000,46000,329.0303628359698
49000,46000,325.742405140525
50000,46000,322.1209117203257
51000,46000,318.2128050531281
52000,46000,314.0687211685708
53000,46000,309.74235357409145
54000,46000,305.28975756612823
55000,46000,300.7686239404108
56000,46000,296.23753151163555
57000,46000,291.7551881273759
58000,46000,287.3796700101567
59000,46000,283.1676692832833
60000,46000,279.1737594299807
0,47000,300.0
1000,47000,295.4586334328719
2000,47000,290.97610783188804
3000,47000,286.6105017804943
4000,47000,282.41837897467786
5000,47000,278.4540553460956
6000,47000,274.768895308733
7000,47000,271.4106462473892
8000,47000,268.422819870798
9000,47000,265.8441284449856
10000,47000,263.70798321140103
11000,47000,262.04206148864665
12000,47000,260.8679480667274
13000,47000,260.2008555401538
14000,47000,260.0494272034475
15000,47000,260.4156250628685
16000,47000,261.29470441535665
17000,47000,262.67527532406075
18000,47000,264.53945019393694
19000,47000,266.8630755353287
20000,47000,269.6160449126459
21000,47000,272.76268902337085
22000,47000,276.26223785326886
23000,47000,280.0693489198126
24000,47000,284.1346947595476
25000,47000,288.40560204752103
26000,47000,292.8267340679179
27000,47000,297.3408076933612
28000,47000,301.8893355832143
29000,47000,306.41338398447215
30000,47000,310.85433631666757
31000,47000,315.15465264727936
32000,47000,319.25861521737335
33000,47000,323.11305035795056
34000,47000,326.66801744337346
35000,47000,329.87745595533215
36000,47000,332.6997822735589
37000,47000,335.0984284608738
38000,47000,337.042316061703
39000,47000,338.5062587752234
40000,47000,339.4712887858293
41000,47000,339.9249025227688
42000,47000,339.8612226647239
43000,47000,339.28107429029507
44000,47000,338.191974187734
45000,47000,336.60803346243483
46000,47000,334.5497747040661
47000,47000,332.0438660822476
48000,47000,329.1227758160047
49000,47000,325.8243514939256
50000,47000,322.1913296956268
51000,47000,318.2707822682
52000,47000,314.1135064320487
53000,47000,309.77336661831083
54000,47000,305.30659656545834
55000,47000,300.7710707175752
56000,47000,296.2255543645616
57000,47000,291.72894223994825
58000,47000,287.3394954415516
59000,47000,283.1140865619355
60000,47000,279.10746280927106
0,48000,300.0
1000,48000,295.5263939508024
2000,48000,291.11075091740463
3000,48000,286.81028290821695
4000,48000,282.68070964742213
5000,48000,278.77553663316394
6000,48000,275.1453618847221
7000,48000,271.83722036091626
8000,48000,268.8939745438926
9000,48000,266.35375908429285
10000,48000,264.2494867033536
11000,48000,262.6084217537966
12000,48000,261.4518269647388
13000,48000,260.79468794762977
14000,48000,260.64551903270166
15000,48000,261.006252951643
16000,48000,261.87221579584093
17000,48000,263.2321875746508
18000,48000,265.0685475890581
19000,48000,267.35750273717616
20000,48000,270.06939579350137
21000,48000,273.16908966765465
22000,48000,276.6164226638973
23000,48000,280.36672884277687
24000,48000,284.37141674274966
25000,48000,288.57859896347986
26000,48000,292.93376445351356
27000,48000,297.3804847917216
28000,48000,301.86114531146006
29000,48000,306.31769159451613
30000,48000,310.6923816627683
31000,48000,314.9285341216644
32000,48000,318.97126256207383
33000,48000,322.76818670511443
34000,48000,326.2701110758889
35000,48000,329.4316624127822
36000,48000,332.2118775536211
37000,48000,334.57473418165193
38000,48000,336.48961755463836
39000,48000,337.9317171698265
40000,48000,338.88234822532263
41000,48000,339.32919371281537
42000,48000,339.2664640049288
43000,48000,338.6949718694859
44000,48000,337.62212193874797
45000,48000,336.06181477007345
46000,48000,334.0342667410503
47000,48000,331.5657481126602
48000,48000,328.688242654302
49000,48000,325.4390332408004
50000,48000,321.860218790679
51000,48000,317.9981688045678
52000,48000,313.9029225711085
53000,48000,309.62754082464454
54000,48000,305.2274182550515
55000,48000,300.75956577728647
56000,48000,296.2818718600505
57000,48000,291.852352484281
58000,48000,287.5283994495106
59000,48000,283.3660367675354
60000,48000,279.41919477805163
0,49000,300.0
1000,49000,295.67509968707924
2000,49000,291.4062356595206
3000,49000,287.2487181592978
4000,49000,283.25641474870935
5000,49000,279.48105236640833
6000,49000,275.9715471187772
7000,49000,272.77337049031433
8000,49000,269.92796018483347
9000,49000,267.472183231009
10000,49000,265.43785830862856
11000,49000,263.85134348461196
12000,49000,262.7331947003631
13000,49000,262.0978994353191
14000,49000,261.95368899753004
15000,49000,262.30243187335617
16000,49000,263.1396095181158
17000,49000,264.4543749013558
18000,49000,266.22969304819395
19000,49000,268.44256175578454
20000,49000,271.0643096251599
21000,49000,274.06096754694727
22000,49000,277.3937088277461
23000,49000,281.019352254595
24000,49000,284.8909215794909
25000,49000,288.95825417490676
26000,49000,293.16865097416155
27000,49000,297.46755927558354
28000,49000,301.7992795636013
29000,49000,306.10768718871896
30000,49000,310.3369595558083
31000,49000,314.43229939878483
32000,49000,318.34064477043785
33000,49000,322.0113565483151
34000,49000,325.39687454887843
35000,49000,328.45333374887826
36000,49000,331.1411326297739
37000,49000,333.42544628135045
38000,49000,335.276677616421
39000,49000,336.670840850376
40000,49000,337.5898722769641
41000,49000,338.02186431368614
42000,49000,337.9612197843547
43000,49000,337.4087244398323
44000,49000,336.37153677732056
45000,49000,334.8630952901084
46000,49000,332.90294434951386
47000,49000,330.5164809750086
48000,49000,327.7346257735394
49000,49000,324.59342231157643
50000,49000,321.1335701106899
51000,49000,317.3998973174756
52000,49000,313.440779880268
53000,49000,309.30751475817385
54000,49000,305.05365528354804
55000,49000,300.7343172893955
56000,49000,296.4054649919764
57000,49000,292.1231858811928
58000,49000,287.94296401376045
59000,49000,283.9189611248621
60000,49000,280.1033148726784
0,50000,300.0
1000,50000,295.9020599670744
2000,50000,291.8572155711502
3000,50000,287.9178745068366
4000,50000,284.13507749739824
5000,50000,280.55783697719204
6000,50000,277.2325020539653
7000,50000,274.2021579789838
8000,50000,271.5060679058569
9000,50000,269.1791641710014
10000,50000,267.2515956870538
11000,50000,265.7483373135037
12000,50000,264.68886626580087
13000,50000,264.08690975559557
14000,50000,263.95026713185325
15000,50000,264.2807088273013
16000,50000,265.0739534195249
17000,50000,266.3197231039238
18000,50000,268.00187685978557
19000,50000,270.0986195840866
20000,50000,272.5827844833453
21000,50000,275.42218506466935
22000,50000,278.5800321653684
23000,50000,282.0154106178173
24000,50000,285.68380937358495
25000,50000,289.53769821818616
26000,50000,293.52714360415746
27000,50000,297.6004556233138
28000,50000,301.70485773558266
29000,50000,305.7871705769641
30000,50000,309.79450098674573
31000,50000,313.67492732647673
32000,50000,317.3781722112542
33000,50000,320.8562539369659
34000,50000,324.0641081631664
35000,50000,326.96017179664796
36000,50000,329.5069215105243
37000,50000,331.67135992141385
38000,50000,333.4254431254886
39000,50000,334.74644405394673
40000,50000,335.6172469400342
41000,50000,336.02656908230404
42000,50000,335.9691070308013
43000,50000,335.4456053020888
44000,50000,334.46284673279524
45000,50000,333.03356459667174
46000,50000,331.1762776238272
47000,50000,328.9150500597423
48000,50000,326.27917987289766
49000,50000,323.3028191508053
50000,50000,320.02453160284483
51000,50000,316.4867929031926
52000,50000,312.7354403477322
53000,50000,308.8190789555581
54000,50000,304.7884517100167
55000,50000,300.69578209885975
56000,50000,296.5940974719982
57000,50000,292.53654198388347
58000,50000,288.5756880224905
59000,50000,284.7628550464887
60000,50000,281.1474446561979
0,51000,300.0
1000,51000,296.20316818211074
2000,51000,292.45553064289277
3000,51000,288.8056442672189
4000,51000,285.30079941086353
5000,51000,281.9864071751956
6000,51000,278.90541103074196
7000,51000,276.09773041301764
8000,51000,273.5997434997647
9000,51000,271.4438158710831
10000,51000,269.6578811594451
11000,51000,268.265079122972
12000,51000,267.2834558313352
13000,51000,266.7257298488733
14000,51000,266.5991274444125
15000,51000,266.9052889629203
16000,51000,267.64024757210547
17000,51000,268.7944806593356
18000,51000,270.35303321294094
19000,51000,272.2957115892935
20000,51000,274.5973451550866
21000,51000,277.2281124148037
22000,51000,280.1539273978511
23000,51000,283.33688129906693
24000,51000,286.7357336504178
25000,51000,290.3064466599354
26000,51000,294.0027557946431
27000,51000,297.77676921462046
28000,51000,301.5795882915382
29000,51000,305.36194117181435
30000,51000,309.0748211755248
31000,51000,312.6701217595472
32000,51000,316.1012598179342
33000,51000,319.32377924362083
34000,51000,322.2959269313197
35000,51000,324.9791937585272
36000,51000,327.3388135353307
37000,51000,329.3442134582915
38000,51000,330.96941023202305
39000,51000,332.1933467260499
40000,51000,333.0001648049973
41000,51000,333.3794107971421
42000,51000,333.3261709391369
43000,51000,332.841135041997
44000,51000,331.93058755344987
45000,51000,330.60632613244996
46000,51000,328.88550879086165
47000,51000,326.79043158284395
48000,51000,324.34823972234165
49000,51000,321.59057587163653
50000,51000,318.55317015796624
51000,51000,315.2753772302283
52000,51000,311.79966635397034
53000,51000,308.17107115133535
54000,51000,304.436606115497
55000,51000,300.6446574596121
56000,51000,296.8443561928566
57000,51000,293.0849415463893
58000,51000,289.41512299711854
59000,51000,285.8824491553186
60000,51000,282.5326916932057
0,52000,300.0
1000,52000,296.5729760942468
2000,52000,293.19035498986045
3000,52000,289.89596417597636
4000,52000,286.7324879713961
5000,52000,283.74091447815897
6000,52000,280.9600045124272
7000,52000,278.42578939356787
8000,52000,276.17110409841155
9000,52000,274.2251618294508
10000,52000,272.61317550915595
11000,52000,271.35603110458015
12000,52000,270.4700170148769
13000,52000,269.96661302796576
14000,52000,269.85234158076366
15000,52000,270.12868325015353
16000,52000,270.79205756964524
17000,52000,271.83386942028125
18000,52000,273.24062039471534
19000,52000,274.99408369155714
20000,52000,277.07154027393534
21000,52000,279.44607323245214
22000,52000,282.0869165385663
23000,52000,284.9598536697245
24000,52000,288.0276609413882
25000,52000,291.2505898018515
26000,52000,294.5868818409177
27000,52000,297.9933098396395
28000,52000,301.42573785092185
29000,52000,304.83969305421203
30000,52000,308.1909419749457
31000,52000,311.43606360286725
32000,52000,314.53301198352233
33000,52000,317.4416609936124
34000,52000,320.12432424173994
35000,52000,322.54624335836456
36000,52000,324.67603834835944
37000,52000,326.4861141711023
38000,52000,327.953018280178
39000,52000,329.05774449016997
40000,52000,329.78597923344176
41000,52000,330.1282870162404
42000,52000,330.0802326712302
43000,52000,329.6424388224705
44000,52000,328.82057781828485
45000,52000,327.62529823654233
46000,52000,326.07208691459965
47000,52000,324.1810682915344
48000,52000,321.97674366252573
49000,52000,319.4876737237757
50000,52000,316.74610852113096
51000,52000,313.7875695970363
52000,52000,310.65038974980143
53000,52000,307.3752163683678
54000,52000,304.0044847776985
55000,52000,300.5818684184808
56000,52000,297.1517129849764
57000,52000,293.7584618527089
58000,52000,290.446080240526
59000,52000,287.25748556797936
60000,52000,284.23399138868814
